difficulty_set,image_id,best_epoch,final_cost,best_psnr,best_ssim,best_mse
DIV2K_train_HR,0001,3437,0.005394358653575182,43.445509945227926,0.9909555315971375,4.523233476708136e-05
DIV2K_train_HR,0002,3587,0.0127463573589921,32.10015199588525,0.9455133080482483,0.0006165734221172797
DIV2K_train_HR,0003,3437,0.007989058271050453,36.64088005009485,0.9845016598701477,0.00021672648872934731
DIV2K_train_HR,0004,3587,0.004871583543717861,40.18622224431975,0.9888531565666199,9.580270581459964e-05
DIV2K_train_HR,0005,3287,0.008453774265944958,38.95302554712864,0.9839842319488525,0.00012726161936847877
DIV2K_train_HR,0006,3437,0.004578742198646069,43.274405142044124,0.9879662394523621,4.704998460531598e-05
DIV2K_train_HR,0007,3437,0.01295391470193863,33.75874271427125,0.9666659832000732,0.0004208484465387819
DIV2K_train_HR,0008,3437,0.006381252780556679,39.79589777171793,0.9791219830513,0.0001048118104238121
DIV2K_train_HR,0009,3587,0.007995384745299816,37.172031524811096,0.983083963394165,0.00019177714428376375
DIV2K_train_HR,0010,3287,0.21834801137447357,39.043504561255766,0.9723221659660339,0.0001246377337627585
DIV2K_train_HR,0011,3437,0.005576001014560461,42.369942876876124,0.993574321269989,5.794363175937257e-05
DIV2K_train_HR,0012,3587,0.0053598093800246716,39.42652452463612,0.990913450717926,0.00011411626453114952
DIV2K_train_HR,0013,3587,0.005278067663311958,34.506356788103375,0.9885411262512207,0.00035429442634806493
DIV2K_train_HR,0014,3437,0.00824560783803463,38.47240387458864,0.9673561453819275,0.0001421541727960605
DIV2K_train_HR,0015,3437,0.00634409673511982,38.71072064049967,0.9894534945487976,0.00013456370487073072
DIV2K_train_HR,0016,3587,0.005575732793658972,42.07919062992838,0.9883213043212891,6.195565274322289e-05
DIV2K_train_HR,0017,3587,0.00530480919405818,42.11195441429945,0.9887191653251648,6.149000926161705e-05
DIV2K_train_HR,0018,3437,0.004265660420060158,43.63688137402886,0.9953374266624451,4.328245263597243e-05
DIV2K_train_HR,0019,3287,0.007559353020042181,38.795693735482416,0.9826542735099792,0.00013195645094388441
DIV2K_train_HR,0020,3587,0.004538551438599825,44.66435687355133,0.986905574798584,3.4163653823221175e-05
DIV2K_train_HR,0021,3437,0.005865947809070349,40.92196761553392,0.9911808371543884,8.087294125263259e-05
DIV2K_train_HR,0022,3587,0.007799279410392046,37.83211904142473,0.9883203506469727,0.00016473584039941063
DIV2K_train_HR,0023,3587,0.0026391111314296722,49.72620293601536,0.9959533214569092,1.0650738116259767e-05
DIV2K_train_HR,0024,3587,0.007122178096324205,39.557180272462574,0.9555278420448303,0.0001107342510412355
DIV2K_train_HR,0025,3587,0.0066775972954928875,41.21709919170229,0.9820078015327454,7.555967491105934e-05
DIV2K_train_HR,0026,3587,0.01503083761781454,30.913768312085917,0.9485952258110046,0.0008102577023629258
DIV2K_train_HR,0027,3587,0.00637325132265687,38.10843170245892,0.9848458766937256,0.00015458125528422327
DIV2K_train_HR,0028,3587,0.006197433918714523,40.14251772601057,0.9747297167778015,9.677166809558107e-05
DIV2K_train_HR,0029,3587,0.014941242523491383,31.46583195761294,0.9527380466461182,0.0007135375023638432
DIV2K_train_HR,0030,3587,0.006823621690273285,39.45587317836397,0.9807172417640686,0.00011334769217719032
DIV2K_train_HR,0031,3587,0.006776828318834305,38.194557421454185,0.9860367774963379,0.00015154592324740835
DIV2K_train_HR,0032,3137,0.0045259310863912106,43.95297545129638,0.9915406107902527,4.0244121804619094e-05
DIV2K_train_HR,0033,3587,0.0074258469976484776,34.1389192576353,0.9717621207237244,0.0003855742958197803
DIV2K_train_HR,0034,3587,0.008079119957983494,36.45052150655452,0.985487163066864,0.00022643723803865645
DIV2K_train_HR,0035,3587,0.007051295135170221,38.58343957632552,0.9866638779640198,0.00013856579643850968
DIV2K_train_HR,0036,3587,0.004596480634063482,41.76979930650702,0.9887562394142151,6.653038996862489e-05
DIV2K_train_HR,0037,3587,0.005452597979456186,42.61854856697087,0.9784421324729919,5.471988086706236e-05
DIV2K_train_HR,0038,3587,0.21876050531864166,42.36860749074463,0.9899705052375793,5.7961451234856497e-05
DIV2K_train_HR,0039,3587,0.005951589439064264,40.23636463458171,0.9870703816413879,9.470295629811667e-05
DIV2K_train_HR,0040,3437,0.005818674340844154,41.612422018968076,0.9730127453804016,6.898549708844016e-05
DIV2K_train_HR,0041,3587,0.00767064094543457,39.504575224917666,0.9608139395713806,0.00011208370473920283
DIV2K_train_HR,0042,3437,0.008349704556167126,36.32561874802976,0.978355884552002,0.0002330441068539053
DIV2K_train_HR,0043,3587,0.005022870842367411,40.89079479999068,0.9922611117362976,8.145551988637265e-05
DIV2K_train_HR,0044,3587,0.005018906202167273,43.32310035138812,0.9893915057182312,4.652538383423055e-05
DIV2K_train_HR,0045,3587,0.005954189691692591,39.608980345427625,0.992116391658783,0.00010942132397414346
DIV2K_train_HR,0046,3437,0.003820437705144286,46.344934368527994,0.9949356913566589,2.3200992464123306e-05
DIV2K_train_HR,0047,3587,0.003896547481417656,44.13594991741508,0.9933460354804993,3.858380092058262e-05
DIV2K_train_HR,0048,3587,0.00593703193590045,43.65461281549702,0.9667683243751526,4.310609861405801e-05
DIV2K_train_HR,0049,3587,0.0057674297131598,38.32479587645118,0.9882375597953796,0.00014706875373545988
DIV2K_train_HR,0050,3587,0.004961733240634203,43.03861836155109,0.9841862320899963,4.9675032938841793e-05
DIV2K_train_HR,0051,3587,0.007645333651453257,35.967022891179084,0.9796111583709717,0.0002531032435597322
DIV2K_train_HR,0052,3587,0.007901838049292564,38.39867030567476,0.9873595833778381,0.00014458823936143043
DIV2K_train_HR,0053,3587,0.005417106207460165,39.554035739780396,0.9911311268806458,0.00011081445781692356
DIV2K_train_HR,0054,3587,0.008112045004963875,37.613172921352444,0.9859306216239929,0.00017325377554831622
DIV2K_train_HR,0055,3137,0.0038056892808526754,45.32668968611473,0.9881935715675354,2.9331281052737463e-05
DIV2K_train_HR,0056,3587,0.006208396982401609,37.164074859153764,0.9894709587097168,0.0001921288192970959
DIV2K_train_HR,0057,3587,0.004019616637378931,42.06214573195257,0.9925227165222168,6.219928991813681e-05
DIV2K_train_HR,0058,3587,0.003186146728694439,45.88752391023695,0.9936959147453308,2.5777904410882242e-05
DIV2K_train_HR,0059,3587,0.3267437815666199,42.599722872500074,0.9851310849189758,5.495759416424463e-05
DIV2K_train_HR,0060,3437,0.2687285244464874,38.481444669393746,0.9847343564033508,0.0001418585553660337
DIV2K_train_HR,0061,3587,0.004628985654562712,41.5645146212043,0.9961403012275696,6.975069474649808e-05
DIV2K_train_HR,0062,3587,0.008670538663864136,35.95445741971223,0.9596359133720398,0.00025383660927759264
DIV2K_train_HR,0063,3587,0.017101546749472618,31.133758038071324,0.9590006470680237,0.0007702366778981227
DIV2K_train_HR,0064,3587,0.0033502515871077776,48.12860303994124,0.9932868480682373,1.538649485180134e-05
DIV2K_train_HR,0065,3437,0.01118241623044014,34.1847274050612,0.9780898094177246,0.0003815287408461633
DIV2K_train_HR,0066,3587,0.006705310195684433,38.96052999916011,0.9879360198974609,0.00012704190576277744
DIV2K_train_HR,0067,3287,0.007452487945556641,39.853427793978426,0.9507939219474792,0.00010343254730812003
DIV2K_train_HR,0068,3587,0.004444798920303583,42.61710058962308,0.9851219654083252,5.473812802016648e-05
DIV2K_train_HR,0069,3587,0.35511839389801025,35.61864924190629,0.9838164448738098,0.0002742426997266569
DIV2K_train_HR,0070,3587,0.011091325432062149,33.20052527324314,0.979377806186676,0.00047857220591627863
DIV2K_train_HR,0071,3587,0.005595965310931206,41.49704892267083,0.988735020160675,7.084270044628924e-05
DIV2K_train_HR,0072,3587,0.007037024479359388,36.911924026544376,0.9804514050483704,0.00020361398194937408
DIV2K_train_HR,0073,3587,0.0081971799954772,36.63626753747023,0.9826354384422302,0.0002169567897700585
DIV2K_train_HR,0074,3437,0.005261583253741264,41.18017364189918,0.9909802079200745,7.620485406973811e-05
DIV2K_train_HR,0075,3587,0.008849743753671646,36.08610210647731,0.9870970845222473,0.00024625768313148833
DIV2K_train_HR,0076,3587,0.006726543884724379,37.822627931448416,0.9795343279838562,0.00016509624914746746
DIV2K_train_HR,0077,3437,0.003550180932506919,46.06368233372079,0.9909505844116211,2.475322369409723e-05
DIV2K_train_HR,0078,3587,0.008499693125486374,37.259803954862846,0.9837097525596619,0.0001879401652758377
DIV2K_train_HR,0079,3587,0.007421332877129316,36.16116606474908,0.9736946225166321,0.00024203790962478767
DIV2K_train_HR,0080,3587,0.004338287282735109,41.473101328916464,0.9928542971611023,7.123441572410934e-05
DIV2K_train_HR,0081,3437,0.002975529758259654,47.2677401141224,0.9954800605773926,1.8759704293482148e-05
DIV2K_train_HR,0082,3587,0.005664359778165817,39.307383185193096,0.9907388687133789,0.00011729018773573505
DIV2K_train_HR,0083,3587,0.007742892485111952,38.33195834474501,0.9816200733184814,0.0001468264050213987
DIV2K_train_HR,0084,3587,0.004689677618443966,42.19489547015001,0.991463840007782,6.032682276259991e-05
DIV2K_train_HR,0085,3587,0.003349026432260871,46.37168310459035,0.9927830696105957,2.3058533835212006e-05
DIV2K_train_HR,0086,3587,0.007730442564934492,35.47221862410099,0.9837831854820251,0.0002836469625347731
DIV2K_train_HR,0087,3437,0.0066529023461043835,40.86301193133644,0.9676079750061035,8.197828089858771e-05
DIV2K_train_HR,0088,3587,0.00526663102209568,40.877376152452065,0.9844732880592346,8.170758688565494e-05
DIV2K_train_HR,0089,3587,0.006174197420477867,42.604877113165145,0.9869728684425354,5.4892408747095194e-05
DIV2K_train_HR,0090,3437,0.0038064157124608755,46.997934596732584,0.9952691197395325,1.9962114403549303e-05
DIV2K_train_HR,0091,3587,0.0049248929135501385,42.537268409953455,0.9896307587623596,5.575363132414245e-05
DIV2K_train_HR,0092,3587,0.00630996422842145,36.86480100057632,0.986771285533905,0.00020583532040801668
DIV2K_train_HR,0093,3587,0.007958895526826382,38.26598313758905,0.9852914810180664,0.00014907392496252056
DIV2K_train_HR,0094,3437,0.006821976508945227,40.168717732302156,0.9897971749305725,9.618962390495618e-05
DIV2K_train_HR,0095,3587,0.004991002380847931,42.00255477649424,0.9881828427314758,6.305862872269453e-05
DIV2K_train_HR,0096,3587,0.004844204057008028,42.49013644573125,0.991217851638794,5.63619947792692e-05
DIV2K_train_HR,0097,3587,0.005077602341771126,42.343248529254154,0.9943357110023499,5.8300884910092584e-05
DIV2K_train_HR,0098,3437,0.006674761418253183,40.436807244556064,0.9829891324043274,9.04314043974262e-05
DIV2K_train_HR,0099,3587,0.005407936871051788,40.83578629174609,0.9879980683326721,8.249381165038367e-05
DIV2K_train_HR,0100,3587,0.00560228293761611,41.81741824568788,0.9789894223213196,6.580489118239971e-05
DIV2K_train_HR,0101,3587,0.0060768709518015385,36.165194990607105,0.9848584532737732,0.00024181347650645315
DIV2K_train_HR,0102,3587,0.008219453506171703,37.851115750239934,0.9853386878967285,0.00016401683414483056
DIV2K_train_HR,0103,3587,0.005900995340198278,40.59690281522096,0.9820556640625,8.715849416342919e-05
DIV2K_train_HR,0104,3587,0.009527409449219704,34.08099581512823,0.9783451557159424,0.0003907512871993101
DIV2K_train_HR,0105,3587,0.004582560155540705,43.62967051593671,0.9895376563072205,4.335437684993406e-05
DIV2K_train_HR,0106,3587,0.00619042431935668,39.00028528984601,0.9908304810523987,0.0001258842714555602
DIV2K_train_HR,0107,3587,0.016333097591996193,30.684018007008657,0.9655194878578186,0.0008542759874871932
DIV2K_train_HR,0108,3587,0.00808823574334383,37.00199915044312,0.9839267134666443,0.00019943440630948073
DIV2K_train_HR,0109,3287,0.002759956754744053,48.56953707609499,0.9943893551826477,1.3901007964143675e-05
DIV2K_train_HR,0110,3287,0.004049960058182478,45.033737273871076,0.9926641583442688,3.137807325282014e-05
DIV2K_train_HR,0111,3437,0.0058205570094287395,39.16726923750129,0.9908208250999451,0.00012113595738738104
DIV2K_train_HR,0112,3437,0.0032158626709133387,48.41559553574864,0.9944408535957336,1.4402584976613751e-05
DIV2K_train_HR,0113,3437,0.005386949051171541,41.502603037813714,0.9907572269439697,7.075215887376804e-05
DIV2K_train_HR,0114,3587,0.005284206476062536,40.99859679725911,0.9868404269218445,7.945849228863814e-05
DIV2K_train_HR,0115,3587,0.005550966132432222,37.5711279884932,0.9743852615356445,0.0001749392261177623
DIV2K_train_HR,0116,3587,0.004890673793852329,40.73003166079441,0.9875404834747314,8.45272682692875e-05
DIV2K_train_HR,0117,3587,0.00786424521356821,37.880975432104634,0.9808163642883301,0.00016289301309414
DIV2K_train_HR,0118,3587,0.006214883644133806,39.20383844699551,0.9726019501686096,0.00012012023003179092
DIV2K_train_HR,0119,3587,0.005608921870589256,38.8896325254792,0.9921781420707703,0.00012913285324669417
DIV2K_train_HR,0120,3587,0.0038579823449254036,46.005677579745345,0.9895378947257996,2.5086047597790828e-05
DIV2K_train_HR,0121,3587,0.0031794870737940073,46.46540301090502,0.9937848448753357,2.256626577639641e-05
DIV2K_train_HR,0122,3437,0.006818502675741911,42.33379826415331,0.9931011199951172,5.842788603684777e-05
DIV2K_train_HR,0123,3437,0.005249356850981712,42.59838245008872,0.9831526279449463,5.49745590906957e-05
DIV2K_train_HR,0124,3437,0.0035940452944487333,47.601821319930984,0.9949504733085632,1.737072191938126e-05
DIV2K_train_HR,0125,3587,0.004802048206329346,42.70493785424037,0.9897204041481018,5.364215472308012e-05
DIV2K_train_HR,0126,3587,0.22330723702907562,42.267480490725866,0.9839675426483154,5.932694030577393e-05
DIV2K_train_HR,0127,3287,0.005478736478835344,41.58431460312693,0.985852062702179,6.943341718042083e-05
DIV2K_train_HR,0128,3587,0.004230786580592394,44.00596482163985,0.992254912853241,3.975607650815251e-05
DIV2K_train_HR,0129,3587,0.01137166004627943,33.92512745607226,0.971238911151886,0.0004050300581239864
DIV2K_train_HR,0130,3587,0.0033295208122581244,46.270597241538795,0.9957603812217712,2.3601536421067718e-05
DIV2K_train_HR,0131,3437,0.008282988332211971,37.03733522575044,0.9698417782783508,0.0001978183054971342
DIV2K_train_HR,0132,3437,0.008578664623200893,35.937916844803254,0.9796345829963684,0.00025480521681119897
DIV2K_train_HR,0133,3587,0.003106815507635474,46.90185872017173,0.9951770305633545,2.0408642951994195e-05
DIV2K_train_HR,0134,3587,0.006593566387891769,38.4687329325036,0.9843201637268066,0.00014227438159227214
DIV2K_train_HR,0135,3587,0.006682098377496004,40.23839672057363,0.985252320766449,9.465865467333062e-05
DIV2K_train_HR,0136,3437,0.004091286566108465,45.308983212877614,0.9923098683357239,2.9451110734588433e-05
DIV2K_train_HR,0137,3437,0.005227511748671532,38.74330641638053,0.9927248358726501,0.0001335578309109948
DIV2K_train_HR,0138,3437,0.0030356894712895155,46.241345784001936,0.9940894246101379,2.3761038691973513e-05
DIV2K_train_HR,0139,3587,0.008127428591251373,37.29572725536717,0.9589741826057434,0.00018639200250290193
DIV2K_train_HR,0140,3587,0.008722455240786076,37.01984192077196,0.9819124341011047,0.0001986167210473385
DIV2K_train_HR,0141,3587,0.007737691048532724,36.61961487969259,0.981271505355835,0.00021779028936828328
DIV2K_train_HR,0142,3587,0.01199814211577177,32.42834522189024,0.9711290001869202,0.0005716964261975447
DIV2K_train_HR,0143,3587,0.0067005460150539875,40.643687035953,0.9851555228233337,8.622462143579842e-05
DIV2K_train_HR,0144,3437,0.006366904359310865,39.27734080739143,0.992006242275238,0.00011810435687869609
DIV2K_train_HR,0145,3587,0.3574511706829071,35.9998856390918,0.9819345474243164,0.0002511952574017757
DIV2K_train_HR,0146,3587,0.00931998435407877,33.97326635822963,0.9781530499458313,0.00040056533629965915
DIV2K_train_HR,0147,3587,0.24724285304546356,35.37134029685702,0.9720406532287598,0.00029031265670469576
DIV2K_train_HR,0148,3587,0.005846811458468437,40.042948090345554,0.9913679957389832,9.90159573277122e-05
DIV2K_train_HR,0149,3587,0.011009112931787968,33.38366291888875,0.9698546528816223,0.000458810879955806
DIV2K_train_HR,0150,3587,0.005522319581359625,38.02797294518759,0.9875552654266357,0.00015747176845717068
DIV2K_train_HR,0151,3587,0.008387659676373005,36.35021882905206,0.9873406291007996,0.00023172778849113763
DIV2K_train_HR,0152,2837,0.0037205249536782503,47.52153831849316,0.9941473603248596,1.769482076887214e-05
DIV2K_train_HR,0153,3437,0.006415780168026686,39.68133143703699,0.9801033139228821,0.00010761352469552061
DIV2K_train_HR,0154,3587,0.005518800113350153,37.48980194177448,0.988090991973877,0.00017824600497960726
DIV2K_train_HR,0155,3587,0.005519507452845573,39.377136691238576,0.9891433715820312,0.00011542139813352224
DIV2K_train_HR,0156,3437,0.005234377924352884,38.531008443924485,0.9865808486938477,0.00014024880032476308
DIV2K_train_HR,0157,2687,0.0026482378598302603,51.239049142870314,0.9973505139350891,7.517874742147954e-06
DIV2K_train_HR,0158,3587,0.271505206823349,37.53096971522719,0.9828491806983948,0.00017656435339557838
DIV2K_train_HR,0159,3587,0.004631492774933577,43.00958973006669,0.9891672730445862,5.000817743612176e-05
DIV2K_train_HR,0160,3587,0.0076689147390425205,38.36074527660051,0.9834018349647522,0.00014585639393656434
DIV2K_train_HR,0161,3437,0.007791766431182623,37.63450136529564,0.9793211817741394,0.00017240500230671421
DIV2K_train_HR,0162,3587,0.005749137606471777,41.209889492396286,0.9929659366607666,7.568521529794301e-05
DIV2K_train_HR,0163,3587,0.005289012100547552,38.94497706145043,0.9926968216896057,0.0001274976833428329
DIV2K_train_HR,0164,3587,0.0030665297526866198,45.97937240427353,0.9965095520019531,2.523845464359556e-05
DIV2K_train_HR,0165,3437,0.004481158684939146,44.470146760378455,0.9784862399101257,3.572607649979951e-05
DIV2K_train_HR,0166,3587,0.006335337180644274,37.14544920511392,0.9931862950325012,0.00019295457451723946
DIV2K_train_HR,0167,3287,0.003159254789352417,46.40520713681825,0.9952526092529297,2.2881225764717247e-05
DIV2K_train_HR,0168,3437,0.00379451853223145,46.4873184021252,0.9917619824409485,2.2452678601325805e-05
DIV2K_train_HR,0169,3437,0.005018414929509163,44.408107524777655,0.9918498992919922,3.6240088317736166e-05
DIV2K_train_HR,0170,3437,0.006187531631439924,37.4829941281299,0.9870514869689941,0.00017852563449943437
DIV2K_train_HR,0171,3587,0.007088200654834509,38.427182031481266,0.9786999821662903,0.00014364211685811683
DIV2K_train_HR,0172,3437,0.006164367776364088,38.32875084740087,0.9835720658302307,0.00014693488411127894
DIV2K_train_HR,0173,3437,0.008170963265001774,37.36302943298342,0.9786364436149597,0.00018352577066705082
DIV2K_train_HR,0174,3437,0.006861956790089607,39.32859070328564,0.9849159121513367,0.00011671883110476315
DIV2K_train_HR,0175,3437,0.008981285616755486,36.126095689146844,0.9822141528129578,0.00024400033976426137
DIV2K_train_HR,0176,3587,0.21782086789608002,32.29073045929574,0.9717127680778503,0.0005901018197589746
DIV2K_train_HR,0177,3437,0.0037776080425828695,46.34603546025055,0.9911496043205261,2.3195110927901143e-05
DIV2K_train_HR,0178,3587,0.006199181545525789,40.7471026894538,0.9874398112297058,8.419566490337513e-05
DIV2K_train_HR,0179,3437,0.005360915791243315,42.291653809214296,0.9899762272834778,5.8997637217519586e-05
DIV2K_train_HR,0180,3587,0.005510404240339994,40.72640629696893,0.9864406585693359,8.459785864930155e-05
DIV2K_train_HR,0181,3437,0.007927277125418186,38.30332778215239,0.9779255390167236,0.00014779754546565305
DIV2K_train_HR,0182,3137,0.30290868878364563,43.73799459439752,0.9964113235473633,4.228638313958233e-05
DIV2K_train_HR,0183,3587,0.006632475648075342,39.24878632377838,0.9827445149421692,0.00011888344115158112
DIV2K_train_HR,0184,3587,0.005263591185212135,41.178876634879416,0.9890100359916687,7.622761579368956e-05
DIV2K_train_HR,0185,2987,0.003517091041430831,46.83984056497823,0.9903029799461365,2.0702173473200827e-05
DIV2K_train_HR,0186,3587,0.010715304873883724,31.437688489627117,0.9899616241455078,0.0007181764325203828
DIV2K_train_HR,0187,3587,0.003899206407368183,45.0815950717181,0.9930908679962158,3.103419557548435e-05
DIV2K_train_HR,0188,3587,0.004997984040528536,40.38039552277744,0.9910685420036316,9.161370505260638e-05
DIV2K_train_HR,0189,3587,0.008419296704232693,36.51613033339518,0.9922241568565369,0.00022304216192798424
DIV2K_train_HR,0190,3587,0.004190619569271803,47.16325660723605,0.9944219589233398,1.9216502162764256e-05
DIV2K_train_HR,0191,3287,0.005017540883272886,42.8638061427162,0.9895665049552917,5.171534015706658e-05
DIV2K_train_HR,0192,3587,0.31362390518188477,35.78762298711878,0.9895703196525574,0.0002637774716831614
DIV2K_train_HR,0193,3587,0.0028832778334617615,45.90417403808108,0.9966373443603516,2.5679265418871996e-05
DIV2K_train_HR,0194,3437,0.003798796096816659,46.828330034873034,0.9943023324012756,2.0757115220806445e-05
DIV2K_train_HR,0195,3287,0.006464911624789238,41.16081637064639,0.9716024398803711,7.654527063106472e-05
DIV2K_train_HR,0196,3437,0.007730428129434586,38.54189604039103,0.9646739959716797,0.00013989764235496647
DIV2K_train_HR,0197,3437,0.0046509443782269955,43.344200897728285,0.9900590777397156,4.629988475937262e-05
DIV2K_train_HR,0198,3587,0.0037854257971048355,45.40259898503226,0.9906988143920898,2.882306103560286e-05
DIV2K_train_HR,0199,3437,0.005361877381801605,41.40018870595692,0.9887997508049011,7.244044830607963e-05
DIV2K_train_HR,0200,3587,0.0044228695333004,44.852408274007516,0.9897143840789795,3.271592263241043e-05
DIV2K_train_HR,0201,3587,0.009781068190932274,35.706549298818715,0.9802525639533997,0.00026874789417315203
DIV2K_train_HR,0202,3587,0.006768937688320875,39.09634044722103,0.9869131445884705,0.0001231305885101424
DIV2K_train_HR,0203,3287,0.012440101243555546,35.48091523373632,0.9718732833862305,0.00028307953691630763
DIV2K_train_HR,0204,3437,0.004102990962564945,46.303533417998395,0.9943113923072815,2.3423223266715255e-05
DIV2K_train_HR,0205,3587,0.007702212780714035,38.529264843725024,0.9854674339294434,0.00014030511872347064
DIV2K_train_HR,0206,3587,0.00569571927189827,39.888864723477624,0.9899423122406006,0.00010259200737109889
DIV2K_train_HR,0207,3437,0.005677943583577871,41.27429170590301,0.9875182509422302,7.457114805301763e-05
DIV2K_train_HR,0208,3587,0.006934715434908867,38.399258116494224,0.9856674671173096,0.00014456867086147586
DIV2K_train_HR,0209,3587,0.006434048991650343,37.38164534945942,0.985069990158081,0.00018274077599407523
DIV2K_train_HR,0210,3437,0.006828491110354662,40.257971360776345,0.989136278629303,9.423296665203029e-05
DIV2K_train_HR,0211,3437,0.010731949470937252,36.17783995313492,0.97015380859375,0.00024111043388348188
DIV2K_train_HR,0212,3587,0.014166098088026047,30.811017771433626,0.9746233820915222,0.0008296563132350157
DIV2K_train_HR,0213,3437,0.015349247492849827,30.47549068473067,0.9338116645812988,0.0008962949111116507
DIV2K_train_HR,0214,3587,0.01402109395712614,31.38832975916223,0.9669516682624817,0.0007263852607510058
DIV2K_train_HR,0215,3437,0.0041276318952441216,46.35619110986469,0.9914199709892273,2.314093427805397e-05
DIV2K_train_HR,0216,3587,0.019781174138188362,28.65118123985131,0.9268446564674377,0.0013642120310309283
DIV2K_train_HR,0217,3287,0.0049927132204174995,43.18719340436718,0.9725239872932434,4.8004357283522886e-05
DIV2K_train_HR,0218,3587,0.009643218480050564,33.94479584186423,0.9741198420524597,0.00040319989986219715
DIV2K_train_HR,0219,3587,0.004905493464320898,42.723418445707,0.989166259765625,5.341437551747802e-05
DIV2K_train_HR,0220,3587,0.00647121062502265,37.785381981614,0.9867129325866699,0.0001665182360508888
DIV2K_train_HR,0221,3437,0.006440518889576197,41.55800475318103,0.9780673980712891,6.985532613449823e-05
DIV2K_train_HR,0222,3587,0.0053067742846906185,41.555932251772234,0.9922184944152832,6.98886698372584e-05
DIV2K_train_HR,0223,3587,0.0062383003532886505,39.180561315173165,0.9847235679626465,0.00012076577378790995
DIV2K_train_HR,0224,3587,0.003477536840364337,46.76145402873705,0.9955510497093201,2.107922293521012e-05
DIV2K_train_HR,0225,3587,0.004376392345875502,45.74099196447033,0.9913622736930847,2.6662496009335336e-05
DIV2K_train_HR,0226,3437,0.007859104312956333,38.433801452429975,0.9791512489318848,0.0001434233474322683
DIV2K_train_HR,0227,3587,0.004163638222962618,41.50410924096768,0.9899589419364929,7.07276251102499e-05
DIV2K_train_HR,0228,3287,0.005993019789457321,41.73560883974802,0.9782428741455078,6.705622734767408e-05
DIV2K_train_HR,0229,3587,0.007401759270578623,36.387561073642104,0.9814386963844299,0.00022974384890243855
DIV2K_train_HR,0230,3587,0.0053100124932825565,42.97419846351075,0.9900615215301514,5.041736610150341e-05
DIV2K_train_HR,0231,3587,0.010444600135087967,34.59027435744804,0.9690129160881042,0.00034751420700732957
DIV2K_train_HR,0232,3587,0.0060816057957708836,39.67919555793421,0.9835050106048584,0.0001076664625209801
DIV2K_train_HR,0233,3587,0.004994066897779703,41.68004723724357,0.9920762181282043,6.791962450100772e-05
DIV2K_train_HR,0234,3587,0.00555754778906703,40.888647504231415,0.983954906463623,8.14958041545268e-05
DIV2K_train_HR,0235,3587,0.006693416740745306,39.69507172270032,0.979626476764679,0.00010727359315658666
DIV2K_train_HR,0236,3437,0.00561015447601676,40.60331719199021,0.9891803860664368,8.702985916141462e-05
DIV2K_train_HR,0237,3587,0.007235927507281303,36.8848151114365,0.9890009760856628,0.00020488892720873286
DIV2K_train_HR,0238,3437,0.006419946905225515,40.77599582295881,0.9886782169342041,8.363737958925221e-05
DIV2K_train_HR,0239,3437,0.0049060313031077385,44.64651145405591,0.9910654425621033,3.430432311400913e-05
DIV2K_train_HR,0240,3437,0.0060665421187877655,39.53169895661791,0.9912481307983398,0.00011138587074503149
DIV2K_train_HR,0241,3587,0.0037192085292190313,45.10413963794135,0.9920192360877991,3.087351204409849e-05
DIV2K_train_HR,0242,3437,0.006540711969137192,39.96137853939599,0.9766640067100525,0.00010089325791837281
DIV2K_train_HR,0243,3587,0.00938273686915636,36.68977864589397,0.9795999526977539,0.00021429998229247464
DIV2K_train_HR,0244,3587,0.00689803808927536,38.331203075420525,0.9908778667449951,0.00014685194140760785
DIV2K_train_HR,0245,3437,0.007973557338118553,38.31221513209618,0.9838800430297852,0.000147495403617951
DIV2K_train_HR,0246,3587,0.0072999498806893826,37.160001013864886,0.9884605407714844,0.00019230912796789005
DIV2K_train_HR,0247,3587,0.006390400230884552,40.271666635023855,0.9879295229911804,9.39362754205689e-05
DIV2K_train_HR,0248,3437,0.006168632302433252,41.52406669453397,0.9879934787750244,7.040335091217273e-05
DIV2K_train_HR,0249,3437,0.0059664286673069,40.9130878633445,0.987152099609375,8.103846638260539e-05
DIV2K_train_HR,0250,3587,0.004622009117156267,42.31372923892963,0.9891738891601562,5.8698509824933226e-05
DIV2K_train_HR,0251,2987,0.0036556804552674294,47.64210286680985,0.9913989901542664,1.7210350425595184e-05
DIV2K_train_HR,0252,3437,0.0038966890424489975,46.48286185807698,0.9912092685699463,2.2475730401017918e-05
DIV2K_train_HR,0253,3287,0.0033915534149855375,45.78934657797078,0.9930207133293152,2.636728066696998e-05
DIV2K_train_HR,0254,3587,0.0074674510397017,37.15459972912782,0.9784721732139587,0.00019254844975876998
DIV2K_train_HR,0255,3587,0.004282183479517698,44.243937818601424,0.9914376139640808,3.763623901873093e-05
DIV2K_train_HR,0256,3587,0.004933504853397608,40.32907702831583,0.9898147583007812,9.270268150519583e-05
DIV2K_train_HR,0257,3587,0.007943801581859589,37.23759292243994,0.9746019244194031,0.00018890380578935118
DIV2K_train_HR,0258,3587,0.005895851645618677,40.77925606877936,0.9821751713752747,8.357461661594173e-05
DIV2K_train_HR,0259,3587,0.005350047256797552,42.22752990323687,0.9894421696662903,5.9875204480291896e-05
DIV2K_train_HR,0260,3587,0.005404000636190176,41.255990182093996,0.9913303256034851,7.488606001317526e-05
DIV2K_train_HR,0261,3587,0.014261751435697079,32.61913042047148,0.9709140658378601,0.0005471255016857285
DIV2K_train_HR,0262,3587,0.0071770199574530125,37.72002018024415,0.9840789437294006,0.00016904330766484224
DIV2K_train_HR,0263,3287,0.0028009263332933187,47.051937554589436,0.9942370057106018,1.9715429582199443e-05
DIV2K_train_HR,0264,3587,0.005038820207118988,40.75354880728323,0.9925127029418945,8.40707881897294e-05
DIV2K_train_HR,0265,3587,0.004215392284095287,44.46026147894014,0.9944390654563904,3.5807487750648394e-05
DIV2K_train_HR,0266,3437,0.006285050883889198,40.36307104478763,0.9835772514343262,9.197989200902048e-05
DIV2K_train_HR,0267,3437,0.00443560816347599,43.1284118516068,0.9888813495635986,4.8658510940761225e-05
DIV2K_train_HR,0268,3437,0.0039284792728722095,44.52350234330879,0.9939621090888977,3.5289846197010954e-05
DIV2K_train_HR,0269,3137,0.005027507431805134,43.15471451596501,0.9823365211486816,4.8364705572892226e-05
DIV2K_train_HR,0270,3437,0.007064793724566698,38.38912939133563,0.9751630425453186,0.00014490623103642928
DIV2K_train_HR,0271,3587,0.005983283743262291,40.397580795425654,0.9913915991783142,9.125190093414933e-05
DIV2K_train_HR,0272,3287,0.0034255068749189377,44.94659672413312,0.9920463562011719,3.2014028517905826e-05
DIV2K_train_HR,0273,3287,0.004365411587059498,44.48660232459285,0.9894752502441406,3.559096532474446e-05
DIV2K_train_HR,0274,3587,0.008485277183353901,37.45618293785296,0.9806612133979797,0.00017963117312789703
DIV2K_train_HR,0275,3587,0.004526103846728802,41.97209669144882,0.9882228970527649,6.350242800324935e-05
DIV2K_train_HR,0276,3437,0.00483318604528904,41.333850479590964,0.9918995499610901,7.355546611014688e-05
DIV2K_train_HR,0277,3587,0.006639459636062384,36.89869304729183,0.9864475131034851,0.00020423524698143152
DIV2K_train_HR,0278,3437,0.0036159667652100325,45.39185486730101,0.99076247215271,2.8894455386672258e-05
DIV2K_train_HR,0279,3587,0.004880158230662346,43.41253022750449,0.9853493571281433,4.557713031662856e-05
DIV2K_train_HR,0280,3287,0.005165586248040199,41.63496244875613,0.9887590408325195,6.862838121850557e-05
DIV2K_train_HR,0281,3587,0.011301717720925808,33.62811156730106,0.9817282557487488,0.00043369942153193935
DIV2K_train_HR,0282,3437,0.0035908452700823545,46.197270020460266,0.994694173336029,2.4003413010411868e-05
DIV2K_train_HR,0283,3587,0.008908877149224281,35.03143030525338,0.9748222827911377,0.0003139474565407517
DIV2K_train_HR,0284,3287,0.004685505293309689,43.30143176109964,0.9932708740234375,4.675809659488131e-05
DIV2K_train_HR,0285,3587,0.3220919668674469,41.65981869095107,0.9880831837654114,6.823671808223842e-05
DIV2K_train_HR,0286,3587,0.005201864521950483,41.690508265433564,0.990147590637207,6.775622060980777e-05
DIV2K_train_HR,0287,3437,0.00496905529871583,41.897764006526366,0.9900920391082764,6.459867338063818e-05
DIV2K_train_HR,0288,3587,0.008573983795940876,36.888709975074846,0.9768803715705872,0.0002047052600843602
DIV2K_train_HR,0289,3587,0.004123901482671499,43.0224496097529,0.9939146041870117,4.986031741759114e-05
DIV2K_train_HR,0290,3437,0.005729269701987505,41.78912445803934,0.9864525198936462,6.623500204923149e-05
DIV2K_train_HR,0291,3437,0.01089851837605238,35.50962119383306,0.9815974235534668,0.00028121461039266134
DIV2K_train_HR,0292,3587,0.00622010650113225,40.16707143438397,0.9902782440185547,9.62260937996282e-05
DIV2K_train_HR,0293,3287,0.006484758574515581,40.27877978732604,0.989782989025116,9.37825465273634e-05
DIV2K_train_HR,0294,3587,0.004649982322007418,38.75090637692223,0.9898266792297363,0.00013332431526059664
DIV2K_train_HR,0295,3437,0.0037583913654088974,46.37976831482841,0.9950380921363831,2.3015645959580807e-05
DIV2K_train_HR,0296,3437,0.004047027323395014,43.50039679138768,0.9942643642425537,4.4664278281106266e-05
DIV2K_train_HR,0297,3587,0.012206283397972584,34.55326835255224,0.9796457290649414,0.0003504880092140868
DIV2K_train_HR,0298,3587,0.22505004703998566,42.77684884547466,0.9906656742095947,5.276125475829272e-05
DIV2K_train_HR,0299,3587,0.005671388935297728,40.06572692038338,0.9936668276786804,9.849797632430142e-05
DIV2K_train_HR,0300,3437,0.008839091286063194,36.25770589361431,0.9734906554222107,0.00023671697945803875
DIV2K_train_HR,0301,3587,0.0031105487141758204,48.079824471059354,0.99070805311203,1.5560285198566915e-05
DIV2K_train_HR,0302,3587,0.007741786539554596,36.72170709239974,0.9790214896202087,0.00021273026964927397
DIV2K_train_HR,0303,3437,0.0071714273653924465,38.19650915625832,0.9823930859565735,0.00015147783315694522
DIV2K_train_HR,0304,3587,0.3165431320667267,39.28219607099098,0.9877564311027527,0.00011797239407963075
DIV2K_train_HR,0305,3437,0.009746461175382137,37.59017677042322,0.9664477705955505,0.0001741735977908242
DIV2K_train_HR,0306,3437,0.006016585975885391,40.95622254149067,0.9900336861610413,8.023756596845202e-05
DIV2K_train_HR,0307,3137,0.004546578507870436,45.67399730484402,0.9888023734092712,2.707698281925925e-05
DIV2K_train_HR,0308,3287,0.005195483099669218,42.64728021013421,0.9953701496124268,5.435906509668051e-05
DIV2K_train_HR,0309,3437,0.005839779507368803,41.9115076499733,0.9803552031517029,6.439456812037555e-05
DIV2K_train_HR,0310,3587,0.006406478118151426,38.109904437603504,0.9849951863288879,0.0001545288440712802
DIV2K_train_HR,0311,3587,0.009308208711445332,35.55124383138531,0.9672412872314453,0.00027853233293782456
DIV2K_train_HR,0312,3587,0.013005648739635944,31.07650326208049,0.9561567902565002,0.0007804582453792831
DIV2K_train_HR,0313,3587,0.01113482192158699,33.41882246240336,0.9803580641746521,0.0004551114412821443
DIV2K_train_HR,0314,3437,0.005318308249115944,41.93862101704207,0.984836995601654,6.39937997742852e-05
DIV2K_train_HR,0315,3287,0.005014846567064524,40.7708474819447,0.9932963848114014,8.373658619454905e-05
DIV2K_train_HR,0316,3587,0.003376798005774617,47.549998141986755,0.9969296455383301,1.757924365485067e-05
DIV2K_train_HR,0317,3587,0.00906821433454752,34.655981785974,0.9809858202934265,0.00034229599749201233
DIV2K_train_HR,0318,3587,0.004530764184892178,43.799101083360725,0.9918915629386902,4.169556770806909e-05
DIV2K_train_HR,0319,3287,0.004087955225259066,45.67450757725094,0.9932091236114502,2.7073801609804797e-05
DIV2K_train_HR,0320,3587,0.010194663889706135,35.25337460035752,0.9862520098686218,0.0002983063784040534
DIV2K_train_HR,0321,3437,0.0030968384817242622,48.14727850292047,0.9961280822753906,1.5320472145708197e-05
DIV2K_train_HR,0322,3587,0.20139974355697632,37.00588384941438,0.9710135459899902,0.00019925609502020902
DIV2K_train_HR,0323,3437,0.004604674410074949,42.93820953928084,0.9950494766235352,5.0836898393953136e-05
DIV2K_train_HR,0324,3437,0.011565168388187885,34.58141075243341,0.9747202396392822,0.0003482241801049532
DIV2K_train_HR,0325,3287,0.006560081150382757,39.15365147429028,0.9891633987426758,0.00012151638815511888
DIV2K_train_HR,0326,3587,0.00615418516099453,41.54192190899061,0.976005494594574,7.011449478348517e-05
DIV2K_train_HR,0327,3587,0.004847450647503138,40.052828701226055,0.9955204129219055,9.879094274557984e-05
DIV2K_train_HR,0328,3437,0.01063456479460001,35.39860130217751,0.9712714552879333,0.00028849604872537384
DIV2K_train_HR,0329,3587,0.004035289399325848,45.602766410185495,0.9945818781852722,2.7524748465129405e-05
DIV2K_train_HR,0330,3587,0.005911488551646471,41.00600023750667,0.9816158413887024,7.932315436139378e-05
DIV2K_train_HR,0331,3437,0.00425257021561265,46.642811932280175,0.9951664805412292,2.166301032009412e-05
DIV2K_train_HR,0332,3587,0.2528822720050812,35.91117757372103,0.9866821765899658,0.00025637887772241876
DIV2K_train_HR,0333,3587,0.009949201717972755,36.155011713025694,0.9799773097038269,0.00024238114269374946
DIV2K_train_HR,0334,3437,0.009294270537793636,36.70827259362362,0.9661092162132263,0.00021338934994957341
DIV2K_train_HR,0335,3587,0.006212410982698202,40.305191658777275,0.9898115992546082,9.321393329265926e-05
DIV2K_train_HR,0336,3587,0.009234708733856678,35.56166773004516,0.9747414588928223,0.00027786460367204845
DIV2K_train_HR,0337,3587,0.00354931247420609,45.23371987030262,0.9933199882507324,2.9965947394451804e-05
DIV2K_train_HR,0338,3587,0.0045754448510706425,38.77830551461646,0.9875853657722473,0.00013248583515978926
DIV2K_train_HR,0339,3437,0.006171922665089369,42.01203288592994,0.9885818958282471,6.292115865828199e-05
DIV2K_train_HR,0340,3437,0.0061097643338143826,40.37450156638707,0.9908838272094727,9.173812156626795e-05
DIV2K_train_HR,0341,3437,0.00583072891458869,39.15472442430793,0.9867429137229919,0.00012148637043638414
DIV2K_train_HR,0342,3587,0.008333591744303703,35.1861236296628,0.9865896105766296,0.0003029616355788999
DIV2K_train_HR,0343,3587,0.007958142086863518,37.61411813581709,0.9770107865333557,0.00017321607215581663
DIV2K_train_HR,0344,3437,0.0047048237174749374,44.261367464659315,0.990558922290802,3.748549528510897e-05
DIV2K_train_HR,0345,3587,0.005961161572486162,40.00558566030232,0.9926385879516602,9.987146807978616e-05
DIV2K_train_HR,0346,3587,0.010711700655519962,32.9974589024561,0.9621919989585876,0.0005014805685856088
DIV2K_train_HR,0347,3587,0.007222253363579512,38.70252300207098,0.9837080836296082,0.00013481794396845483
DIV2K_train_HR,0348,3587,0.010777595452964306,33.414063349001594,0.9846174716949463,0.00045561043753851216
DIV2K_train_HR,0349,3587,0.005378225818276405,41.60266599276574,0.9912833571434021,6.914064083547742e-05
DIV2K_train_HR,0350,3287,0.005524931941181421,39.27007684286154,0.9887025952339172,0.0001183020623052637
DIV2K_train_HR,0351,3587,0.0073684584349393845,38.44637413556754,0.9835355877876282,0.0001430087420130837
DIV2K_train_HR,0352,3287,0.005251544993370771,42.59474863057015,0.9939534664154053,5.502057653982266e-05
DIV2K_train_HR,0353,3587,0.006223355885595083,38.58206380562295,0.9850547313690186,0.00013860969866309175
DIV2K_train_HR,0354,3287,0.0056348624639213085,42.61172902054851,0.9834180474281311,5.480587272275578e-05
DIV2K_train_HR,0355,3587,0.0037125383969396353,44.10075192128936,0.993516206741333,3.889777928868678e-05
DIV2K_train_HR,0356,3587,0.006414377596229315,38.35747542099914,0.9846388697624207,0.0001459662523598891
DIV2K_train_HR,0357,3437,0.006202910095453262,38.841157896241405,0.9910597801208496,0.00013058226887124405
DIV2K_train_HR,0358,3437,0.005426645278930664,41.70680128433253,0.988753616809845,6.750250216330678e-05
DIV2K_train_HR,0359,3587,0.0035794051364064217,42.3712561157891,0.9922542572021484,5.7926113145044793e-05
DIV2K_train_HR,0360,3587,0.004032752010971308,45.13609366512255,0.9907562136650085,3.0647188063658626e-05
DIV2K_train_HR,0361,3587,0.00801453460007906,37.32089836975352,0.9843934178352356,0.00018531482454494971
DIV2K_train_HR,0362,3587,0.3648521900177002,40.11128902506903,0.9819445610046387,9.747002945808431e-05
DIV2K_train_HR,0363,3587,0.013961617834866047,33.81923321322681,0.9499797821044922,0.0004150273130124131
DIV2K_train_HR,0364,3287,0.0033382459077984095,47.726435330973146,0.9947807788848877,1.6879379084822132e-05
DIV2K_train_HR,0365,3587,0.005166469607502222,41.4879182884053,0.9847024083137512,7.099179723148826e-05
DIV2K_train_HR,0366,3587,0.007052496541291475,40.50823533576608,0.9753478169441223,8.89562499131058e-05
DIV2K_train_HR,0367,3587,0.003581771394237876,44.27204503285971,0.9950849413871765,3.739344662461814e-05
DIV2K_train_HR,0368,3587,0.0030024375300854445,45.63398700751941,0.9958376884460449,2.7327587854163315e-05
DIV2K_train_HR,0369,3587,0.009686284698545933,36.887923231384754,0.9736116528511047,0.00020474234660415054
DIV2K_train_HR,0370,3437,0.009952083230018616,35.98342561193948,0.9858594536781311,0.00025214910950296075
DIV2K_train_HR,0371,3587,0.005281500518321991,40.70078393678638,0.99016934633255,8.509844144524365e-05
DIV2K_train_HR,0372,3587,0.017462704330682755,30.493422828655277,0.9753385186195374,0.0008926017142559246
DIV2K_train_HR,0373,3587,0.0040511381812393665,43.319029909392526,0.992810070514679,4.656901037002792e-05
DIV2K_train_HR,0374,3587,0.006038407329469919,39.639936057497806,0.9695176482200623,0.00010864416190081964
DIV2K_train_HR,0375,3587,0.010165409184992313,32.55561141030267,0.97687166929245,0.000555186450085802
DIV2K_train_HR,0376,3437,0.0036548497155308723,46.842676886536445,0.9873936176300049,2.0688657563125192e-05
DIV2K_train_HR,0377,3437,0.013542145490646362,32.352985158588076,0.9701767563819885,0.0005817032416721059
DIV2K_train_HR,0378,3587,0.007088875398039818,39.39707429520269,0.9815375208854675,0.00011489273566853763
DIV2K_train_HR,0379,3587,0.005770169198513031,39.777374969111406,0.9827911853790283,0.0001052597908914189
DIV2K_train_HR,0380,3587,0.010031048208475113,36.57408231369833,0.9781015515327454,0.00022008567123494135
DIV2K_train_HR,0381,3587,0.36082103848457336,38.54979588438077,0.9884722828865051,0.00013964339902798067
DIV2K_train_HR,0382,3587,0.010911263525485992,33.93466186523308,0.9809725284576416,0.00040414183875556197
DIV2K_train_HR,0383,3587,0.005945592653006315,39.106495474938775,0.9868283271789551,0.0001228430108775017
DIV2K_train_HR,0384,3587,0.006627241615206003,38.06769926498085,0.984992504119873,0.00015603789155725273
DIV2K_train_HR,0385,3587,0.007710052654147148,35.78149471889307,0.9839544296264648,0.0002641499469713562
DIV2K_train_HR,0386,3587,0.007048191037029028,35.80213998795011,0.9833328127861023,0.00026289722414688253
DIV2K_train_HR,0387,3437,0.005736466031521559,41.580999876234024,0.9908309578895569,6.948643199119773e-05
DIV2K_train_HR,0388,3587,0.005777055397629738,40.5054185904564,0.9892949461936951,8.901396384093825e-05
DIV2K_train_HR,0389,3587,0.003723852103576064,44.463592903190474,0.9938972592353821,3.578003076185498e-05
DIV2K_train_HR,0390,3587,0.007158292457461357,36.70099803169262,0.9868493676185608,0.00021374708265726393
DIV2K_train_HR,0391,3437,0.005010219290852547,41.29442832940473,0.9879674911499023,7.422618960769722e-05
DIV2K_train_HR,0392,3587,0.012984808534383774,31.629963045027587,0.9734284281730652,0.000687074284006169
DIV2K_train_HR,0393,3587,0.007189517375081778,37.547518142969246,0.980698823928833,0.00017589284987670832
DIV2K_train_HR,0394,3437,0.006222531199455261,39.57013896775607,0.982363760471344,0.00011040432914427991
DIV2K_train_HR,0395,3437,0.006321505177766085,41.80623939051388,0.9893436431884766,6.597449290876463e-05
DIV2K_train_HR,0396,3437,0.004037079401314259,45.11875841920498,0.9910078048706055,3.0769763475111355e-05
DIV2K_train_HR,0397,3587,0.007320602890104055,38.97414989617559,0.9848403930664062,0.00012664411407038053
DIV2K_train_HR,0398,3437,0.007805595640093088,37.875693706249265,0.9731788039207458,0.00016309123796499664
DIV2K_train_HR,0399,3587,0.009332123212516308,35.49930100574259,0.9720485806465149,0.00028188365828808574
DIV2K_train_HR,0400,3587,0.003646254539489746,45.347685195722875,0.992889404296875,2.9189824256455117e-05
DIV2K_train_HR,0401,3587,0.004981893114745617,40.61619972698894,0.9930124282836914,8.677208384342384e-05
DIV2K_train_HR,0402,3437,0.004878952633589506,43.615209527956615,0.9919691681861877,4.349897737118185e-05
DIV2K_train_HR,0403,3587,0.004242893308401108,44.67682840903513,0.9915990829467773,3.406568756777508e-05
DIV2K_train_HR,0404,3587,0.009861036203801632,34.78456800955708,0.9588403105735779,0.0003323098382000191
DIV2K_train_HR,0405,3587,0.004658625926822424,43.020354625205435,0.9935903549194336,4.9884375232157146e-05
DIV2K_train_HR,0406,2837,0.0026603967417031527,49.65586746386034,0.9956157207489014,1.0824634808147604e-05
DIV2K_train_HR,0407,3137,0.0051670982502400875,42.914275385142126,0.9869511723518372,5.111783612820053e-05
DIV2K_train_HR,0408,3287,0.19726784527301788,42.728505899487594,0.988405704498291,5.335184097753404e-05
DIV2K_train_HR,0409,3587,0.011536124162375927,33.17315038098921,0.9793134331703186,0.0004815983179963953
DIV2K_train_HR,0410,3587,0.005538616329431534,40.80228326359194,0.9851968288421631,8.313265934618152e-05
DIV2K_train_HR,0411,3587,0.008991404436528683,35.87071328902063,0.9745411276817322,0.0002587787858859062
DIV2K_train_HR,0412,3587,0.0064063724130392075,39.41603809534453,0.9889753460884094,0.00011439214148475497
DIV2K_train_HR,0413,3437,0.008609713986515999,36.598625385788786,0.9824009537696838,0.00021884541962298389
DIV2K_train_HR,0414,3587,0.004419754259288311,43.05576974976107,0.9915871024131775,4.9479240534905306e-05
DIV2K_train_HR,0415,3587,0.005180431995540857,41.17251478731121,0.9914109110832214,7.633936110229821e-05
DIV2K_train_HR,0416,3587,0.0031898152083158493,48.34087912535316,0.994313657283783,1.4652512054038132e-05
DIV2K_train_HR,0417,3587,0.006728996057063341,38.59231030303947,0.9881811738014221,0.00013828305625903959
DIV2K_train_HR,0418,3437,0.006797395646572113,38.87446631254064,0.9843483567237854,0.00012958459290410087
DIV2K_train_HR,0419,3587,0.0033363818656653166,47.22106595979908,0.9922415614128113,1.896240438166529e-05
DIV2K_train_HR,0420,3587,0.008057077415287495,37.48291701799252,0.9864470958709717,0.00017852880500355672
DIV2K_train_HR,0421,3587,0.0061863320879638195,38.766493688490534,0.9916934967041016,0.00013284665721744311
DIV2K_train_HR,0422,3437,0.0030902596190571785,47.45830438302971,0.9955287575721741,1.7954344810669093e-05
DIV2K_train_HR,0423,3437,0.006013956386595964,41.71262993327426,0.992014467716217,6.741196809264142e-05
DIV2K_train_HR,0424,3137,0.004491246771067381,44.882297012009715,0.9862988591194153,3.249154019302052e-05
DIV2K_train_HR,0425,3287,0.004070740193128586,45.68399555417287,0.9915681481361389,2.7014718369899576e-05
DIV2K_train_HR,0426,3587,0.011980172246694565,33.15276208124489,0.9682691693305969,0.0004838645350121819
DIV2K_train_HR,0427,3587,0.008354024030268192,37.30341502795093,0.9720057845115662,0.00018606234794603138
DIV2K_train_HR,0428,3137,0.0063676112331449986,40.46646160446119,0.9771711230278015,8.981602685340151e-05
DIV2K_train_HR,0429,3587,0.0065196603536605835,40.549112790455695,0.9856681227684021,8.812288785556692e-05
DIV2K_train_HR,0430,3587,0.0062300278805196285,38.82358007331145,0.9848994612693787,0.0001311118642625475
DIV2K_train_HR,0431,3287,0.003971163183450699,44.878090795920976,0.9891422390937805,3.2523024051018196e-05
DIV2K_train_HR,0432,3587,0.00452248752117157,44.37754344524556,0.9862424731254578,3.649603255858524e-05
DIV2K_train_HR,0433,3587,0.00517880218103528,41.719101113087575,0.9874593615531921,6.7311596079629e-05
DIV2K_train_HR,0434,3587,0.23677681386470795,42.55602355108026,0.9920613169670105,5.551337668659834e-05
DIV2K_train_HR,0435,3587,0.0038267578929662704,44.92589659009434,0.9938249588012695,3.2166983840524914e-05
DIV2K_train_HR,0436,3287,0.004610506817698479,45.392138386497194,0.9917943477630615,2.8892569143928398e-05
DIV2K_train_HR,0437,3587,0.005026307422667742,43.471140792541675,0.9930599331855774,4.4966172335688366e-05
DIV2K_train_HR,0438,3587,0.010962684638798237,34.077131336337,0.9829630851745605,0.0003910991447848527
DIV2K_train_HR,0439,3587,0.00907785166054964,35.59558554095764,0.9740581512451172,0.00027570297067222767
DIV2K_train_HR,0440,3437,0.006697244476526976,38.7161318619605,0.9876673221588135,0.0001343961456021774
DIV2K_train_HR,0441,3587,0.005241543520241976,39.573522736443195,0.9845633506774902,0.00011031834205474588
DIV2K_train_HR,0442,3437,0.005147192627191544,43.808384956607796,0.9772276878356934,4.1606530697842647e-05
DIV2K_train_HR,0443,3587,0.016000211238861084,31.902150447863118,0.9596994519233704,0.0006453346066960315
DIV2K_train_HR,0444,3437,0.004421689081937075,43.047149686021335,0.9922565817832947,4.957754658814135e-05
DIV2K_train_HR,0445,3437,0.0035967249423265457,45.924219487312,0.9924485087394714,2.5561012406713123e-05
DIV2K_train_HR,0446,3587,0.011625922285020351,33.13088747393265,0.9752202033996582,0.00048630781918186525
DIV2K_train_HR,0447,3587,0.00916889775544405,35.11800586815639,0.9742617607116699,0.0003077509574934558
DIV2K_train_HR,0448,3587,0.0071710762567818165,40.322789892654555,0.971869707107544,9.28369813455226e-05
DIV2K_train_HR,0449,3587,0.00666735740378499,40.943827548406446,0.953341007232666,8.046689529868702e-05
DIV2K_train_HR,0450,3587,0.007421636488288641,39.821494843287645,0.9805049300193787,0.00010419587246208015
DIV2K_train_HR,0451,3587,0.005877720192074776,41.990531779435436,0.9850118160247803,6.323344191679252e-05
DIV2K_train_HR,0452,3587,0.0062658172100782394,37.03864290476417,0.9793983101844788,0.00019775875043131754
DIV2K_train_HR,0453,3587,0.00657865172252059,40.743518205901026,0.9741272330284119,8.426518513773528e-05
DIV2K_train_HR,0454,3587,0.005639025941491127,38.95296365698955,0.9902448654174805,0.00012726343274501557
DIV2K_train_HR,0455,3437,0.0050069293938577175,42.69104272640352,0.990227222442627,5.381405611844318e-05
DIV2K_train_HR,0456,3587,0.0034806085750460625,46.27966037846498,0.9952589869499207,2.3552334570077603e-05
DIV2K_train_HR,0457,3587,0.006057050544768572,38.593284891872656,0.9809377193450928,0.0001382520278900996
DIV2K_train_HR,0458,3587,0.004471262916922569,43.42727917065643,0.9850441813468933,4.54226097354852e-05
DIV2K_train_HR,0459,3437,0.0044442941434681416,44.29832912123989,0.9900908470153809,3.7167819874626325e-05
DIV2K_train_HR,0460,3587,0.01043709460645914,35.20828033893921,0.9765849113464355,0.0003014199307059771
DIV2K_train_HR,0461,3437,0.004468533676117659,45.50263335700872,0.9927106499671936,2.8166745136573592e-05
DIV2K_train_HR,0462,3587,0.00830830354243517,36.908302029642364,0.9830103516578674,0.0002037838659607927
DIV2K_train_HR,0463,3587,0.007997728884220123,36.15587860601649,0.9870758056640625,0.0002423327655683501
DIV2K_train_HR,0464,3587,0.00667570112273097,40.09311650643049,0.9838871955871582,9.787873532666798e-05
DIV2K_train_HR,0465,3437,0.005234284792095423,43.16402733256962,0.981907308101654,4.826110554798545e-05
DIV2K_train_HR,0466,3587,0.006960552651435137,38.8211487108885,0.9814929366111755,0.00013118528667586357
DIV2K_train_HR,0467,3587,0.0032833265140652657,47.07827398097504,0.9948363900184631,1.9596233324207198e-05
DIV2K_train_HR,0468,3437,0.004980660509318113,41.279433377027395,0.9910128116607666,7.448291449227185e-05
DIV2K_train_HR,0469,3287,0.003844976192340255,45.04810092557519,0.992713212966919,3.1274466312069774e-05
DIV2K_train_HR,0470,3587,0.007911109365522861,38.36828416664512,0.9813670516014099,0.00014560342244204796
DIV2K_train_HR,0471,3587,0.007449055556207895,38.03036897047721,0.9869446754455566,0.00015738491464809047
DIV2K_train_HR,0472,3287,0.004652258940041065,44.68606019942126,0.9910553097724915,3.3993351110581166e-05
DIV2K_train_HR,0473,3587,0.005241017322987318,39.89057342041929,0.988105058670044,0.00010255165125196075
DIV2K_train_HR,0474,3287,0.004124179948121309,45.644134071864926,0.9936308860778809,2.7263812900486626e-05
DIV2K_train_HR,0475,3437,0.005302566569298506,41.31411879167246,0.9910301566123962,7.389041755048427e-05
DIV2K_train_HR,0476,3587,0.25640806555747986,33.217088924693144,0.981378972530365,0.0004767504450645409
DIV2K_train_HR,0477,3587,0.00520931975916028,40.69701234484412,0.9906962513923645,8.517237651445612e-05
DIV2K_train_HR,0478,3587,0.009008490480482578,34.79231922997765,0.9809481501579285,0.0003317172657456304
DIV2K_train_HR,0479,3587,0.005877227988094091,40.7378499082817,0.9867066740989685,8.437523764325217e-05
DIV2K_train_HR,0480,3437,0.00465931324288249,41.32532985938581,0.987750232219696,7.369991954303379e-05
DIV2K_train_HR,0481,3437,0.006047848612070084,39.372092971446286,0.9828354716300964,0.00011555552170054344
DIV2K_train_HR,0482,3587,0.007961820811033249,37.70587912362013,0.9805617332458496,0.00016959462640436478
DIV2K_train_HR,0483,3587,0.004071641247719526,44.62916281717001,0.9917554259300232,3.444163168242519e-05
DIV2K_train_HR,0484,3587,0.004308604169636965,44.64405615538678,0.9920739531517029,3.4323722675250015e-05
DIV2K_train_HR,0485,3137,0.008349441923201084,37.11048858142285,0.9832572937011719,0.00019451412403274337
DIV2K_train_HR,0486,3587,0.006940270308405161,38.23128531317338,0.9813621640205383,0.00015026971704329515
DIV2K_train_HR,0487,3587,0.012287131510674953,33.25455964948833,0.9697391986846924,0.0004726547587953427
DIV2K_train_HR,0488,3287,0.004195959772914648,45.664121945257826,0.985232412815094,2.713862283394808e-05
DIV2K_train_HR,0489,3587,0.005877956748008728,41.44025853494911,0.9895064234733582,7.177515622326064e-05
DIV2K_train_HR,0490,3437,0.005999161396175623,39.85081715019753,0.9776792526245117,0.00010349474166060927
DIV2K_train_HR,0491,3587,0.016435006633400917,30.262632808868727,0.9546899795532227,0.0009413187707756858
DIV2K_train_HR,0492,3437,0.009269719012081623,35.93713959758898,0.9813476204872131,0.00025485082280099144
DIV2K_train_HR,0493,3587,0.007168638985604048,35.71596487560412,0.9894968867301941,0.0002681658750807184
DIV2K_train_HR,0494,3437,0.004123573191463947,46.038292800508565,0.9873536229133606,2.4898358727551215e-05
DIV2K_train_HR,0495,3437,0.004992897156625986,40.76355761759479,0.9934331774711609,8.387726061148602e-05
DIV2K_train_HR,0496,3437,0.004721323028206825,42.63406555214357,0.9917020797729492,5.4524720078383024e-05
DIV2K_train_HR,0497,3587,0.006878713611513376,39.421146383380986,0.9779487252235413,0.00011425766950662218
DIV2K_train_HR,0498,3587,0.004505801480263472,41.75588856961315,0.9894463419914246,6.674383283061196e-05
DIV2K_train_HR,0499,3287,0.005644758697599173,42.112093920584776,0.9895412921905518,6.148803408664792e-05
DIV2K_train_HR,0500,3587,0.014953686855733395,32.33356097356274,0.9010332226753235,0.0005843107851846323
DIV2K_train_HR,0501,3587,0.008073956705629826,36.507033523744546,0.9882538914680481,0.00022350983993004876
DIV2K_train_HR,0502,3437,0.004234206397086382,41.536748849664995,0.9945455193519592,7.019806078321792e-05
DIV2K_train_HR,0503,3587,0.005255057010799646,41.17262089226291,0.9896977543830872,7.633749607707917e-05
DIV2K_train_HR,0504,3437,0.005137986037880182,43.1592989028849,0.992851197719574,4.8313679015769416e-05
DIV2K_train_HR,0505,3587,0.014252777211368084,33.344796028527725,0.9610059261322021,0.00046293540531972536
DIV2K_train_HR,0506,3587,0.005697973538190126,39.888325372175395,0.9906317591667175,0.00010260474909368675
DIV2K_train_HR,0507,3437,0.0019812167156487703,53.51895036109585,0.9981294274330139,4.4473874248891916e-06
DIV2K_train_HR,0508,3587,0.006677117198705673,37.50310969201342,0.9736836552619934,0.000177700655571601
DIV2K_train_HR,0509,3587,0.004079216625541449,43.977124450830104,0.9951700568199158,4.00209648628925e-05
DIV2K_train_HR,0510,3437,0.006880303844809532,40.18957703662241,0.9903052449226379,9.572872975362106e-05
DIV2K_train_HR,0511,3587,0.005447500851005316,43.0889502768241,0.9864190220832825,4.910265465758555e-05
DIV2K_train_HR,0512,3587,0.2709295451641083,38.28124144177415,0.9859059453010559,0.0001485510944138193
DIV2K_train_HR,0513,3437,0.00462446128949523,40.4534775717672,0.9759117960929871,9.008495018460377e-05
DIV2K_train_HR,0514,3587,0.007667064666748047,36.978813859115476,0.9814409613609314,0.0002005019561270722
DIV2K_train_HR,0515,3587,0.012292482890188694,34.12155186312319,0.9708311557769775,0.00038711929078150354
DIV2K_train_HR,0516,3587,0.008742467500269413,35.797180777866956,0.9764463305473328,0.0002631975983075045
DIV2K_train_HR,0517,3437,0.004011534620076418,45.411369876615744,0.9917929172515869,2.876490951288396e-05
DIV2K_train_HR,0518,3437,0.005381156224757433,42.4543995460981,0.9875829815864563,5.682769554963164e-05
DIV2K_train_HR,0519,3587,0.004550271201878786,45.41113687812016,0.9921503067016602,2.8766452789639453e-05
DIV2K_train_HR,0520,3587,0.005877939984202385,39.93843379982621,0.9721345901489258,0.0001014277099150464
DIV2K_train_HR,0521,3587,0.007747549097985029,33.90885347925363,0.9847941994667053,0.0004065506422673785
DIV2K_train_HR,0522,3587,0.0039036646485328674,45.00280935307682,0.9914594292640686,3.160232714276887e-05
DIV2K_train_HR,0523,3437,0.016662077978253365,34.72160086893946,0.985157310962677,0.0003371630026824125
DIV2K_train_HR,0524,3587,0.003917495720088482,41.324899937387734,0.9910281300544739,7.370721575272275e-05
DIV2K_train_HR,0525,3587,0.005899775307625532,41.66776134727458,0.9637444615364075,6.811203644232107e-05
DIV2K_train_HR,0526,3587,0.015543565154075623,31.02382078025365,0.9659478068351746,0.0007899833204796315
DIV2K_train_HR,0527,3587,0.0065242815762758255,38.797945240194565,0.9861180186271667,0.00013188805869113472
DIV2K_train_HR,0528,3287,0.0041617839597165585,45.91910247080573,0.9941046833992004,2.559114707783763e-05
DIV2K_train_HR,0529,3587,0.01685439608991146,30.824685155733494,0.9623748660087585,0.000827049462453688
DIV2K_train_HR,0530,3587,0.004807585384696722,41.485558474164385,0.9892013669013977,7.103038235268367e-05
DIV2K_train_HR,0531,3437,0.005653239320963621,41.995933984407955,0.9852971434593201,6.315483449181242e-05
DIV2K_train_HR,0532,3587,0.0044544232077896595,44.84543182303427,0.986291229724884,3.276851930652476e-05
DIV2K_train_HR,0533,3587,0.00436434568837285,39.90836816362438,0.9906783699989319,0.00010213231678960824
DIV2K_train_HR,0534,3587,0.3038720190525055,40.033043871168445,0.9866542816162109,9.924202396752727e-05
DIV2K_train_HR,0535,3587,0.007764156442135572,36.31820271487673,0.9873290061950684,0.00023344239393962386
DIV2K_train_HR,0536,3587,0.006994920317083597,37.57760903821527,0.9895818829536438,0.0001746783559303021
DIV2K_train_HR,0537,3587,0.012893345206975937,32.75710862696131,0.9568927884101868,0.0005300161916054818
DIV2K_train_HR,0538,3137,0.0035076281055808067,46.518664246106525,0.9932126402854919,2.229120650888826e-05
DIV2K_train_HR,0539,3137,0.004008948337286711,46.48046553594,0.995185911655426,2.2488135338323666e-05
DIV2K_train_HR,0540,3587,0.003932235762476921,45.21229557500291,0.9949562549591064,3.011413842341248e-05
DIV2K_train_HR,0541,3587,0.006707440596073866,37.49916965331357,0.9823655486106873,0.00017786194386949168
DIV2K_train_HR,0542,3587,0.01190801989287138,35.35609724352335,0.9722101092338562,0.00029133339885548527
DIV2K_train_HR,0543,3587,0.0029191772919148207,48.20825841779624,0.9923496246337891,1.5106858385539344e-05
DIV2K_train_HR,0544,3137,0.004148566629737616,45.866548129588914,0.9888824820518494,2.5902709023167703e-05
DIV2K_train_HR,0545,3437,0.014932732097804546,32.6164961486066,0.9643753170967102,0.000547457468718789
DIV2K_train_HR,0546,3587,0.0053816791623830795,41.58305659099547,0.9824970364570618,6.9453532718246e-05
DIV2K_train_HR,0547,3587,0.006086111534386873,39.885265122524494,0.9907171130180359,0.00010267707484712963
DIV2K_train_HR,0548,3287,0.0042097680270671844,42.7143449666434,0.9923656582832336,5.3526087941930135e-05
DIV2K_train_HR,0549,3437,0.010080034844577312,36.314522117130004,0.9799332022666931,0.0002336403177725081
DIV2K_train_HR,0550,3287,0.2361217588186264,42.82768511936766,0.9881250262260437,5.2147259275245575e-05
DIV2K_train_HR,0551,3587,0.004219310823827982,42.624083134085986,0.9919633865356445,5.4650191294194976e-05
DIV2K_train_HR,0552,3437,0.003912121988832951,46.24821435931298,0.9919185042381287,2.372348916993299e-05
DIV2K_train_HR,0553,3587,0.01037689670920372,33.52081286128892,0.9694975018501282,0.0004445480541237132
DIV2K_train_HR,0554,3587,0.006312469020485878,39.63819694032492,0.9890825152397156,0.00010868767680830773
DIV2K_train_HR,0555,3437,0.00693860836327076,38.930966482837725,0.9900410175323486,0.00012790966208273553
DIV2K_train_HR,0556,3587,0.005778368562459946,38.911212978966546,0.9837930202484131,0.0001284927730864853
DIV2K_train_HR,0557,3587,0.0066017103381454945,37.346170103814586,0.9842697978019714,0.00018423960312821937
DIV2K_train_HR,0558,3287,0.004802898038178682,42.62922211597864,0.9900218844413757,5.4585562281673065e-05
DIV2K_train_HR,0559,3587,0.007427269592881203,39.11131715072385,0.9795322418212891,0.00012270670233764593
DIV2K_train_HR,0560,3437,0.0032224925234913826,46.55341514549904,0.9954506754875183,2.2113550900331155e-05
DIV2K_train_HR,0561,3587,0.011017058044672012,32.06235238309436,0.982227623462677,0.000621963302003245
DIV2K_train_HR,0562,3587,0.01117820292711258,31.074669947301192,0.9750831723213196,0.0007807877721860932
DIV2K_train_HR,0563,3587,0.005568478722125292,41.74310258036502,0.9900827407836914,6.694062175471765e-05
DIV2K_train_HR,0564,3587,0.003931430634111166,45.14094739623899,0.9923446774482727,3.061295551579873e-05
DIV2K_train_HR,0565,3437,0.0030775226186960936,45.92872757948516,0.9926790595054626,2.5534493135209188e-05
DIV2K_train_HR,0566,3587,0.010365705005824566,35.076819729858975,0.9770572781562805,0.00031068338398142713
DIV2K_train_HR,0567,3437,0.00770614156499505,40.543862757038,0.9727544784545898,8.822948093575915e-05
DIV2K_train_HR,0568,3587,0.00753181055188179,36.14370417304421,0.9779855608940125,0.00024301304234458174
DIV2K_train_HR,0569,3437,0.008557925000786781,34.998130770384236,0.9778876304626465,0.0003163639011097476
DIV2K_train_HR,0570,3587,0.003928021527826786,43.838319122099094,0.9925376772880554,4.13207397226971e-05
DIV2K_train_HR,0571,3437,0.004742171615362167,43.487372611135264,0.9918875098228455,4.479842430610104e-05
DIV2K_train_HR,0572,3587,0.00700758071616292,40.452393267446595,0.9868753552436829,9.010744452844648e-05
DIV2K_train_HR,0573,3437,0.004546860232949257,45.72362442475825,0.9910163879394531,2.676933344462468e-05
DIV2K_train_HR,0574,3587,0.009590479545295238,34.174327097549266,0.9787937998771667,0.00038244350492716106
DIV2K_train_HR,0575,3437,0.010534877888858318,35.82681138737228,0.9621006846427917,0.0002614079918574348
DIV2K_train_HR,0576,3587,0.0056919832713902,40.62795020930384,0.988161027431488,8.653762641234268e-05
DIV2K_train_HR,0577,3587,0.011157060973346233,34.43650875757076,0.956756591796875,0.0003600386496283581
DIV2K_train_HR,0578,3587,0.2750183641910553,43.90117711277725,0.9941968321800232,4.0726987616143234e-05
DIV2K_train_HR,0579,3587,0.01336000021547079,32.42159851809751,0.9773457050323486,0.0005725852390340783
DIV2K_train_HR,0580,3587,0.0065969484858214855,37.02531041627508,0.9834945797920227,0.00019836678662670846
DIV2K_train_HR,0581,3437,0.004614266101270914,42.572724299672075,0.9932324886322021,5.530031050598704e-05
DIV2K_train_HR,0582,3587,0.008923357352614403,37.07732202787837,0.9835135340690613,0.00019600529200106538
DIV2K_train_HR,0583,3587,0.004270743113011122,44.63032352345068,0.9937012195587158,3.443242795740035e-05
DIV2K_train_HR,0584,3587,0.0066326577216386795,38.758301129891635,0.9835348129272461,0.00013309749658368432
DIV2K_train_HR,0585,3587,0.29002144932746887,39.96078032385638,0.9923376441001892,0.00010090715633990104
DIV2K_train_HR,0586,3587,0.00658530043438077,38.414201146681044,0.983738899230957,0.00014407209959967356
DIV2K_train_HR,0587,3587,0.003688276745378971,41.834721501710284,0.985256016254425,6.55432314948641e-05
DIV2K_train_HR,0588,3587,0.017329471185803413,30.662277407769373,0.9623904824256897,0.0008585631790868044
DIV2K_train_HR,0589,3587,0.009262364357709885,35.70166010677645,0.9752230644226074,0.0002690506149381227
DIV2K_train_HR,0590,3587,0.004275659564882517,43.686768062207406,0.9889041781425476,4.27881188606515e-05
DIV2K_train_HR,0591,3587,0.007565935607999563,37.050124722582886,0.9811351895332336,0.00019723660913724403
DIV2K_train_HR,0592,3437,0.006884657312184572,40.4002844664475,0.9889736771583557,9.119511036966395e-05
DIV2K_train_HR,0593,3437,0.008640224114060402,36.96429857094199,0.9832859039306641,0.00020117320857282545
DIV2K_train_HR,0594,3587,0.008478094823658466,36.43665896772155,0.9763686656951904,0.00022716117330829914
DIV2K_train_HR,0595,3587,0.006238332483917475,39.42250641649486,0.9852723479270935,0.00011422189427920063
DIV2K_train_HR,0596,3587,0.004997869487851858,41.65887113755427,0.9878509640693665,6.825160772474087e-05
DIV2K_train_HR,0597,3587,0.004039289895445108,44.86260978196129,0.9923556447029114,3.263916364233293e-05
DIV2K_train_HR,0598,3587,0.003906880039721727,46.1267228853938,0.9875139594078064,2.439651043653083e-05
DIV2K_train_HR,0599,3287,0.0036475833039730787,48.85548664521935,0.9947049021720886,1.3015214659952602e-05
DIV2K_train_HR,0600,3437,0.005598919466137886,42.15722650202527,0.9917216300964355,6.085234932125511e-05
DIV2K_train_HR,0601,3437,0.00567243667319417,42.733011566190335,0.9906601905822754,5.329651884067516e-05
DIV2K_train_HR,0602,3587,0.009477176703512669,34.51974364717783,0.9752218127250671,0.0003532040174746404
DIV2K_train_HR,0603,3587,0.006459689233452082,40.000257314558105,0.9827408194541931,9.999407525513266e-05
DIV2K_train_HR,0604,3587,0.012934010475873947,34.57090057074321,0.985870361328125,0.0003490679237539687
DIV2K_train_HR,0605,3587,0.004439278971403837,41.430315486856514,0.9929003715515137,7.193967164060055e-05
DIV2K_train_HR,0606,3587,0.00972558930516243,35.69499917509012,0.9820480346679688,0.00026946358437730003
DIV2K_train_HR,0607,3587,0.007158429827541113,37.84354499549607,0.9814038276672363,0.00016430300252020326
DIV2K_train_HR,0608,3437,0.00610512075945735,40.106821549189256,0.9855580925941467,9.757034596938414e-05
DIV2K_train_HR,0609,3587,0.0057279490865767,40.76599959794783,0.9867219924926758,8.383011079417307e-05
DIV2K_train_HR,0610,2987,0.0030370329041033983,50.488513081649124,0.995751678943634,8.936113817213482e-06
DIV2K_train_HR,0611,3587,0.007807252462953329,36.856780743049086,0.9830955862998962,0.0002062157943507813
DIV2K_train_HR,0612,3587,0.005889509338885546,41.78812393709407,0.9905944466590881,6.625026292143126e-05
DIV2K_train_HR,0613,3587,0.010023909620940685,34.73942908394733,0.9747664928436279,0.0003357817524476033
DIV2K_train_HR,0614,3587,0.005615707021206617,39.14305154706459,0.9862439036369324,0.00012181333824239204
DIV2K_train_HR,0615,3437,0.004612518008798361,43.49498843614072,0.9923243522644043,4.471993424287688e-05
DIV2K_train_HR,0616,3587,0.00400604959577322,46.10909471934116,0.9896130561828613,2.4495737981763103e-05
DIV2K_train_HR,0617,3587,0.009073221124708652,35.346100061922385,0.9804555773735046,0.0002920048021825371
DIV2K_train_HR,0618,2987,0.0028229441959410906,49.10106222565815,0.9918756484985352,1.2299679001308247e-05
DIV2K_train_HR,0619,3587,0.005812492221593857,41.68860724253143,0.9861990809440613,6.778588579382908e-05
DIV2K_train_HR,0620,3437,0.006284063216298819,38.848767944914314,0.9819250106811523,0.00013035365274068997
DIV2K_train_HR,0621,3587,0.007986478507518768,37.41487588209179,0.9816017746925354,0.00018134785014955757
DIV2K_train_HR,0622,3287,0.16165296733379364,43.80217729061773,0.9852353930473328,4.16660442520972e-05
DIV2K_train_HR,0623,3587,0.007857152260839939,36.98316539095907,0.9836228489875793,0.0002003011582874743
DIV2K_train_HR,0624,3587,0.006426926236599684,40.20667983149714,0.9825305938720703,9.535248520446678e-05
DIV2K_train_HR,0625,3587,0.008177869953215122,36.62656382763856,0.9881715178489685,0.00021744209161289396
DIV2K_train_HR,0626,3437,0.006399718578904867,39.54046069264586,0.9800429344177246,0.00011116138025888264
DIV2K_train_HR,0627,3587,0.005903919693082571,39.49164529744911,0.9925678372383118,0.00011241790045127903
DIV2K_train_HR,0628,3587,0.011099874041974545,35.38703507648591,0.9720039963722229,0.0002892654019465751
DIV2K_train_HR,0629,3587,0.12979097664356232,40.87768620486503,0.9804616570472717,8.17017537999105e-05
DIV2K_train_HR,0630,3587,0.006187176797538996,40.20120393025209,0.9760010242462158,9.547278841446304e-05
DIV2K_train_HR,0631,3437,0.0034549394622445107,46.052525247984875,0.994382917881012,2.481689682708294e-05
DIV2K_train_HR,0632,3587,0.008899038657546043,37.59922047471437,0.9552914500236511,0.00017381127785679273
DIV2K_train_HR,0633,3437,0.003674830310046673,46.580309309995044,0.9927835464477539,2.197703343035346e-05
DIV2K_train_HR,0634,3587,0.005517279729247093,39.24893609033885,0.9885385036468506,0.00011887934145819406
DIV2K_train_HR,0635,3437,0.004832620266824961,41.1882871725756,0.9903200268745422,7.606262027419512e-05
DIV2K_train_HR,0636,3587,0.007582546677440405,37.899599348254746,0.9843418002128601,0.00016219597202083688
DIV2K_train_HR,0637,3587,0.0030079770367592573,48.6013730130172,0.9929876327514648,1.3799479275920774e-05
DIV2K_train_HR,0638,3587,0.007293764967471361,36.99173203773554,0.9869875311851501,0.0001999064450002709
DIV2K_train_HR,0639,3587,0.010397788137197495,34.65787725132917,0.982663631439209,0.0003421466363338324
DIV2K_train_HR,0640,3437,0.011845818720757961,36.88221625710588,0.954988956451416,0.00020501157126683213
DIV2K_train_HR,0641,3587,0.007206732872873545,38.48641811824942,0.9874608516693115,0.00014169619491296095
DIV2K_train_HR,0642,3437,0.004736705217510462,41.95432973355586,0.9928480982780457,6.376274813021712e-05
DIV2K_train_HR,0643,3587,0.005670188460499048,39.506647630785196,0.9936974048614502,0.00011203023239583245
DIV2K_train_HR,0644,3137,0.004423133097589016,43.529246677829725,0.9928340911865234,4.436855983680256e-05
DIV2K_train_HR,0645,3437,0.005746055860072374,42.07857818216133,0.9883454442024231,6.196439042765115e-05
DIV2K_train_HR,0646,3287,0.2898348867893219,45.34507722380938,0.9844185709953308,2.920735823321756e-05
DIV2K_train_HR,0647,3437,0.004823662806302309,44.10321028121235,0.9943755269050598,3.887576711265446e-05
DIV2K_train_HR,0648,3437,0.007418377324938774,37.801980674450476,0.9772176742553711,0.00016588301959711034
DIV2K_train_HR,0649,3437,0.005901785101741552,42.594403904063014,0.9914990067481995,5.502494403345182e-05
DIV2K_train_HR,0650,3587,0.22043846547603607,39.5100535297349,0.9884017109870911,0.00011194240851296675
DIV2K_train_HR,0651,3587,0.1364942044019699,43.80450589161549,0.9910314679145813,4.164370974072124e-05
DIV2K_train_HR,0652,3137,0.006454738322645426,41.621262132634115,0.9850980639457703,6.884521913618435e-05
DIV2K_train_HR,0653,3587,0.013606823980808258,32.85873706918516,0.9705330729484558,0.0005177573740076192
DIV2K_train_HR,0654,3437,0.004783278796821833,41.7444913640208,0.989107072353363,6.691921894593358e-05
DIV2K_train_HR,0655,3587,0.0069033182226121426,40.485734628814036,0.9786686897277832,8.941832639113759e-05
DIV2K_train_HR,0656,3437,0.005432488862425089,41.740827953601055,0.9906575083732605,6.697569121242366e-05
DIV2K_train_HR,0657,3587,0.007364502176642418,37.71426205378433,0.9868578314781189,0.00016926758363177297
DIV2K_train_HR,0658,3587,0.00499837938696146,39.79569858314303,0.9925985336303711,0.00010481661773640998
DIV2K_train_HR,0659,3437,0.010575011372566223,35.122727515002495,0.9807601571083069,0.00030741655280260846
DIV2K_train_HR,0660,3287,0.004507666919380426,46.311885211565176,0.9940524101257324,2.3378222016208507e-05
DIV2K_train_HR,0661,3437,0.005000665318220854,41.30403657364438,0.9789843559265137,7.40621546334647e-05
DIV2K_train_HR,0662,3587,0.0062948293052613735,39.02076481300835,0.9765610694885254,0.00012529205098960272
DIV2K_train_HR,0663,3587,0.006906531751155853,37.65891959952445,0.9842379093170166,0.00017143837417184175
DIV2K_train_HR,0664,3437,0.005796255078166723,43.152660393807906,0.986048698425293,4.838758647589156e-05
DIV2K_train_HR,0665,3137,0.004136050119996071,45.40068130165728,0.9927557110786438,2.883579103810764e-05
DIV2K_train_HR,0666,3587,0.12369269877672195,41.368200220187894,0.9889915585517883,7.297598704959905e-05
DIV2K_train_HR,0667,3437,0.007069653365761042,38.428140571749154,0.9869770407676697,0.00014361041682356285
DIV2K_train_HR,0668,3437,0.00630211504176259,39.75452791017186,0.9897833466529846,0.00010581499332883306
DIV2K_train_HR,0669,3437,0.006037492770701647,42.480277308360954,0.9853339791297913,5.64900903139641e-05
DIV2K_train_HR,0670,3587,0.00413022143766284,42.54939718253279,0.9923740029335022,5.55981424224364e-05
DIV2K_train_HR,0671,3587,0.015693558380007744,31.260127589252132,0.972524881362915,0.0007481475205350666
DIV2K_train_HR,0672,3587,0.006277031730860472,38.77953918446545,0.9869517683982849,0.0001324482062989478
DIV2K_train_HR,0673,3587,0.0051776026375591755,43.198374777875486,0.9914908409118652,4.788092391637602e-05
DIV2K_train_HR,0674,3437,0.004352035466581583,44.471514169326284,0.9930039048194885,3.5714829648711e-05
DIV2K_train_HR,0675,3587,0.006327786948531866,36.57418058965608,0.9855584502220154,0.00022008069083104517
DIV2K_train_HR,0676,3587,0.008807897567749023,35.12631099000309,0.9801772236824036,0.00030716300025415846
DIV2K_train_HR,0677,3587,0.003809069050475955,44.13575968198039,0.99184250831604,3.85854910529513e-05
DIV2K_train_HR,0678,3587,0.2738082706928253,32.85484300070801,0.9530107975006104,0.0005182218255854544
DIV2K_train_HR,0679,3587,0.23269760608673096,40.438180500382366,0.9856980443000793,9.040281413580037e-05
DIV2K_train_HR,0680,3587,0.006886888295412064,39.71364138079218,0.9786238074302673,0.0001068158896113896
DIV2K_train_HR,0681,3587,0.006163265090435743,40.97710252441744,0.9904801845550537,7.985272614594193e-05
DIV2K_train_HR,0682,3587,0.008654228411614895,36.24116838823379,0.9810908436775208,0.00023762009276993978
DIV2K_train_HR,0683,3437,0.005612474400550127,41.11240263826961,0.9882237315177917,7.740334623599096e-05
DIV2K_train_HR,0684,3587,0.00808850210160017,36.88341096422522,0.982712984085083,0.00020495518206409486
DIV2K_train_HR,0685,3437,0.0045446292497217655,43.30735532589831,0.9895356297492981,4.669436430838126e-05
DIV2K_train_HR,0686,3437,0.008865131996572018,37.10007544682671,0.9854616522789001,0.00019498107260620612
DIV2K_train_HR,0687,3587,0.00624580355361104,38.52953470784748,0.9671884179115295,0.00014029640051461517
DIV2K_train_HR,0688,3437,0.0042516267858445644,47.35848748296387,0.9897196292877197,1.8371780652946096e-05
DIV2K_train_HR,0689,3587,0.003939731512218714,42.29828668735013,0.9883853793144226,5.890760021341331e-05
DIV2K_train_HR,0690,3287,0.006241914350539446,42.6233349289936,0.989994466304779,5.465960727514622e-05
DIV2K_train_HR,0691,3587,0.00654003256931901,38.62113288218114,0.9839911460876465,0.00013736835945749861
DIV2K_train_HR,0692,3437,0.007327937055379152,37.14047330690163,0.9705906510353088,0.00019317577766881454
DIV2K_train_HR,0693,3587,0.0047963992692530155,42.7840381376632,0.9937514662742615,5.2673986259873245e-05
DIV2K_train_HR,0694,3587,0.007067918311804533,38.77678619716668,0.9845636487007141,0.000132532191771949
DIV2K_train_HR,0695,3587,0.005025376565754414,44.82133764290977,0.987164318561554,3.295082066980148e-05
DIV2K_train_HR,0696,3587,0.003750621573999524,47.12032838385153,0.9905717968940735,1.94073912591346e-05
DIV2K_train_HR,0697,3587,0.006780943367630243,37.87853367420775,0.9850851893424988,0.00016298462307412788
DIV2K_train_HR,0698,3287,0.003531728871166706,46.46026988629028,0.990584671497345,2.2592953645538368e-05
DIV2K_train_HR,0699,3287,0.00530901737511158,41.29192926043429,0.9885403513908386,7.426891407278071e-05
DIV2K_train_HR,0700,3587,0.021475858986377716,27.424356627233596,0.9463484883308411,0.0018095239511598522
DIV2K_train_HR,0701,3587,0.009452607482671738,34.3945626681506,0.9852690696716309,0.00036353290977670304
DIV2K_train_HR,0702,3587,0.0031738358084112406,47.5112342742542,0.9951010346412659,1.7736853235337704e-05
DIV2K_train_HR,0703,3587,0.0062118396162986755,39.071640747166306,0.9815153479576111,0.0001238328662342509
DIV2K_train_HR,0704,3587,0.0038590331096202135,45.531950676288744,0.9919136166572571,2.7977244115524653e-05
DIV2K_train_HR,0705,3587,0.007719667162746191,40.11810623327038,0.9719604849815369,9.731714880360132e-05
DIV2K_train_HR,0706,3587,0.010981320403516293,33.606164573805465,0.9709761738777161,0.0004358966611896374
DIV2K_train_HR,0707,3587,0.005591485183686018,37.80015865820075,0.989509642124176,0.00016595262795555455
DIV2K_train_HR,0708,3437,0.0044279261492192745,44.526836378392915,0.9890809059143066,3.5262764935050715e-05
DIV2K_train_HR,0709,3437,0.004221977200359106,45.28294687885754,0.9947502613067627,2.962820302339185e-05
DIV2K_train_HR,0710,3587,0.008120531216263771,36.780522233146144,0.9825679659843445,0.00020986875037735383
DIV2K_train_HR,0711,3587,0.005463412031531334,40.167912366328196,0.9866116642951965,9.620746314637701e-05
DIV2K_train_HR,0712,3587,0.0109176030382514,33.74572333225912,0.972062885761261,0.00042211196865689474
DIV2K_train_HR,0713,3587,0.005033656023442745,38.97874951361659,0.9911945462226868,0.00012651005611395282
DIV2K_train_HR,0714,3587,0.005522758234292269,39.92938332472414,0.9889628887176514,0.00010163930050361454
DIV2K_train_HR,0715,3587,0.007046392187476158,38.39714165641152,0.9820609092712402,0.000144639141015652
DIV2K_train_HR,0716,3587,0.006668782327324152,38.7741141159726,0.9837101101875305,0.00013261375986833003
DIV2K_train_HR,0717,3587,0.003706865943968296,45.02085055220497,0.995786190032959,3.147131897074537e-05
DIV2K_train_HR,0718,3587,0.0040886434726417065,40.517902401957556,0.9915916323661804,8.875846023939548e-05
DIV2K_train_HR,0719,3437,0.006303964648395777,40.187821429502435,0.9884693622589111,9.576743526797541e-05
DIV2K_train_HR,0720,3587,0.004808023106306791,40.83819223057712,0.9921243190765381,8.244812371481585e-05
DIV2K_train_HR,0721,3287,0.006643576547503471,40.74122239778098,0.9847912788391113,8.430974196602688e-05
DIV2K_train_HR,0722,3437,0.006325792986899614,39.62853427957817,0.9793176651000977,0.00010892976633286682
DIV2K_train_HR,0723,3587,0.0065160770900547504,39.50596077288828,0.9835753440856934,0.00011204795190962443
DIV2K_train_HR,0724,3587,0.006293881684541702,40.722231760093656,0.9841251969337463,8.467921511394136e-05
DIV2K_train_HR,0725,3437,0.006994600873440504,40.82890995462677,0.9825236201286316,8.262453041609572e-05
DIV2K_train_HR,0726,3437,0.004794305190443993,44.561944872530496,0.9898611903190613,3.4978848836662055e-05
DIV2K_train_HR,0727,2987,0.003381261369213462,47.67965719424065,0.9937119483947754,1.7062170615780415e-05
DIV2K_train_HR,0728,3587,0.008348747156560421,33.29168813436345,0.9761455655097961,0.00046863118564896046
DIV2K_train_HR,0729,3587,0.009432983584702015,35.805578493013044,0.9845380187034607,0.00026268915929634064
DIV2K_train_HR,0730,3587,0.006788119673728943,39.45689950743,0.9844854474067688,0.00011332090886847562
DIV2K_train_HR,0731,3587,0.005251051392406225,42.37772841905894,0.9879757761955261,5.7839850005657995e-05
DIV2K_train_HR,0732,3437,0.00813925452530384,36.492760189343436,0.9800329208374023,0.00022424562609121883
DIV2K_train_HR,0733,3587,0.004349668975919485,45.708178946953176,0.9855385422706604,2.6864706806754925e-05
DIV2K_train_HR,0734,3587,0.003945129457861185,43.13651661337302,0.9934811592102051,4.856778959078058e-05
DIV2K_train_HR,0735,3587,0.004919099155813456,42.57260441647062,0.9820878505706787,5.530183705246173e-05
DIV2K_train_HR,0736,3437,0.22454708814620972,38.5680022617062,0.9312332272529602,0.00013905921510631012
DIV2K_train_HR,0737,3587,0.002989940345287323,46.305951437800765,0.9960921406745911,2.341018556060551e-05
DIV2K_train_HR,0738,3587,0.004899194464087486,42.634080266844094,0.9891168475151062,5.4524535343441264e-05
DIV2K_train_HR,0739,3587,0.006289758253842592,41.33795069469058,0.9906027317047119,7.348605448248692e-05
DIV2K_train_HR,0740,3587,0.0064517357386648655,38.81262712459574,0.9859461784362793,0.00013144294696752916
DIV2K_train_HR,0741,3587,0.0049378955736756325,43.546967489169774,0.9871828556060791,4.4187888652158894e-05
DIV2K_train_HR,0742,3437,0.006204682867974043,39.290862101211246,0.9928886890411377,0.00011773722333593757
DIV2K_train_HR,0743,3437,0.014356249012053013,33.69937449394007,0.8877471089363098,0.00042664096262465294
DIV2K_train_HR,0744,3437,0.005708867684006691,40.92695668872079,0.9775716662406921,8.07800896923258e-05
DIV2K_train_HR,0745,3437,0.006104222033172846,41.10249582283397,0.9875553250312805,7.758011474120819e-05
DIV2K_train_HR,0746,3437,0.005997720640152693,42.33732710653826,0.9733790755271912,5.83804299646943e-05
DIV2K_train_HR,0747,3587,0.1815723031759262,35.098658535253534,0.9727075099945068,0.000309125012076851
DIV2K_train_HR,0748,3587,0.008506364189088345,37.24402376740028,0.9859347343444824,0.00018862429217554857
DIV2K_train_HR,0749,2987,0.0038436383474618196,45.89896162188871,0.9924972653388977,2.5710104254250946e-05
DIV2K_train_HR,0750,3437,0.00431304844096303,45.48930912046476,0.9902299046516418,2.8253293943823013e-05
DIV2K_train_HR,0751,3437,0.007915019057691097,36.3311473473495,0.9770069122314453,0.00023274762859604097
DIV2K_train_HR,0752,3587,0.005236304830759764,41.017525718641394,0.9926056861877441,7.911292249852677e-05
DIV2K_train_HR,0753,3587,0.007438251283019781,38.790411769789365,0.9740617275238037,0.00013211703631575618
DIV2K_train_HR,0754,3587,0.003953487146645784,44.389330415501036,0.9920322299003601,3.6397114776389365e-05
DIV2K_train_HR,0755,3587,0.005637612659484148,40.88412548529647,0.9903281331062317,8.158070442114383e-05
DIV2K_train_HR,0756,3587,0.008593357168138027,37.156331694332096,0.9737828373908997,0.0001924716769787299
DIV2K_train_HR,0757,3587,0.005885019898414612,39.51413741430908,0.9864770770072937,0.00011183719306954734
DIV2K_train_HR,0758,3587,0.008626203052699566,36.53314301536579,0.9824866652488708,0.000222170144946323
DIV2K_train_HR,0759,3587,0.006490293890237808,39.40636027300972,0.986687421798706,0.0001146473372910959
DIV2K_train_HR,0760,3437,0.008710759691894054,36.84601806774731,0.981636106967926,0.00020672747169277227
DIV2K_train_HR,0761,3587,0.007151932921260595,37.50885494980626,0.9847152829170227,0.0001774657320739303
DIV2K_train_HR,0762,3437,0.004960690625011921,41.95722958599176,0.9905244708061218,6.37201869265093e-05
DIV2K_train_HR,0763,3437,0.0035921677481383085,45.55369079537317,0.9860472679138184,2.7837544244443157e-05
DIV2K_train_HR,0764,3437,0.002250622259452939,51.48139531545269,0.9971527457237244,7.109850491434831e-06
DIV2K_train_HR,0765,3587,0.00489012012258172,44.20289481893791,0.9918436408042908,3.799360628598728e-05
DIV2K_train_HR,0766,3587,0.017226872965693474,29.497384494282013,0.9620444178581238,0.0011226943841417334
DIV2K_train_HR,0767,3437,0.0036631410475820303,45.60907167500024,0.9931254386901855,2.7484815901342544e-05
DIV2K_train_HR,0768,3437,0.003225221298635006,49.86273942175286,0.9951035976409912,1.032110170679433e-05
DIV2K_train_HR,0769,3587,0.0114775151014328,33.29193851550337,0.9776866436004639,0.00046860416931085534
DIV2K_train_HR,0770,3587,0.011012683622539043,33.2928361465537,0.9817234873771667,0.000468507324801438
DIV2K_train_HR,0771,3437,0.004716972354799509,43.47940167646059,0.9916964173316956,4.488072172785475e-05
DIV2K_train_HR,0772,3587,0.010337156243622303,34.794319414411916,0.9759244918823242,0.00033156452526100945
DIV2K_train_HR,0773,3437,0.0043089562095701694,45.139504113047465,0.9957649111747742,3.0623130744097916e-05
DIV2K_train_HR,0774,3437,0.005076930858194828,43.63815741797964,0.9921321272850037,4.326973726085779e-05
DIV2K_train_HR,0775,3587,0.009290490299463272,34.63679022029095,0.9776718020439148,0.0003438119581987161
DIV2K_train_HR,0776,3587,0.007616134360432625,38.75765129084486,0.9843679070472717,0.00013311741354171252
DIV2K_train_HR,0777,3437,0.004832737147808075,45.09954279360986,0.9851164221763611,3.0906207810713684e-05
DIV2K_train_HR,0778,3587,0.006801249925047159,39.40630411990196,0.9911277890205383,0.00011464881964111436
DIV2K_train_HR,0779,3437,0.004834235645830631,41.64723025646819,0.9906159043312073,6.843479557509845e-05
DIV2K_train_HR,0780,3587,0.003739028237760067,44.919103637470215,0.9945592880249023,3.2217336718857386e-05
DIV2K_train_HR,0781,3437,0.006277231965214014,39.94703657363718,0.9768767356872559,0.00010122699448193266
DIV2K_train_HR,0782,3587,0.005448299925774336,39.985063657290524,0.9891300201416016,0.000100344514071346
DIV2K_train_HR,0783,3137,0.005830394569784403,42.642455306852455,0.9885111451148987,5.4419490230446076e-05
DIV2K_train_HR,0784,3587,0.006298947613686323,39.67185514862236,0.9756669402122498,0.0001078485933040105
DIV2K_train_HR,0785,3437,0.2152649164199829,37.42722190778484,0.9820476174354553,0.00018083305071208227
DIV2K_train_HR,0786,3587,0.012277538888156414,32.52976081881494,0.9775145649909973,0.0005585009521652404
DIV2K_train_HR,0787,3437,0.011806002818048,37.948272484401116,0.9772040843963623,0.0001603883248372851
DIV2K_train_HR,0788,3437,0.007578532677143812,38.14241728316638,0.9789287447929382,0.00015337630518296125
DIV2K_train_HR,0789,3287,0.006794413086026907,39.96759952460514,0.9788734316825867,0.00010074883837190213
DIV2K_train_HR,0790,3287,0.004017369356006384,45.131289324141434,0.9912311434745789,3.068110997853965e-05
DIV2K_train_HR,0791,3587,0.0049325390718877316,40.00514326834511,0.9900215268135071,9.98816419509191e-05
DIV2K_train_HR,0792,3587,0.006801629904657602,38.37404199669414,0.9748479723930359,0.00014541051087460765
DIV2K_train_HR,0793,3587,0.00459772115573287,41.50388040078887,0.9910904765129089,7.073135206016396e-05
DIV2K_train_HR,0794,3587,0.006971100345253944,38.2824921021017,0.9773110747337341,0.0001485083214879843
DIV2K_train_HR,0795,3437,0.0038811450358480215,44.42374580858018,0.9936995506286621,3.6109827932496774e-05
DIV2K_train_HR,0796,3137,0.005359165836125612,43.55574875783513,0.9860160946846008,4.4098632703294925e-05
DIV2K_train_HR,0797,3587,0.01575675792992115,33.16275956748758,0.9251255989074707,0.0004827519570722143
DIV2K_train_HR,0798,3587,0.006864418741315603,38.86463759995311,0.9846362471580505,0.00012987819367236232
DIV2K_train_HR,0799,3437,0.002909817034378648,51.10548277778231,0.996953547000885,7.752677566169312e-06
DIV2K_train_HR,0800,3437,0.004700492136180401,42.741334754342155,0.9913120865821838,5.319447465381728e-05
DIV2K_train_LR,0001,3137,0.19614988565444946,25.271442170338947,0.6556652784347534,0.0029706793848200347
DIV2K_train_LR,0002,3137,0.1908050775527954,23.053128067065426,0.5653538107872009,0.004950934630900885
DIV2K_train_LR,0003,3287,0.2455480694770813,21.2500909589469,0.5623622536659241,0.0074987850190285825
DIV2K_train_LR,0004,3287,0.28436556458473206,27.256067077546117,0.8342278599739075,0.0018810194693892864
DIV2K_train_LR,0005,2687,0.23591333627700806,20.67583686543394,0.6275392770767212,0.008558867668820788
DIV2K_train_LR,0006,3437,0.1957412213087082,26.51907497818168,0.8422901034355164,0.002228909826112626
DIV2K_train_LR,0007,3287,0.2420889288187027,21.27018943671952,0.45989009737968445,0.007464161977620568
DIV2K_train_LR,0008,2687,0.26946088671684265,23.916604416624224,0.6677460670471191,0.004058257100951796
DIV2K_train_LR,0009,3587,0.32488369941711426,20.372883848242438,0.623570442199707,0.009177229913069147
DIV2K_train_LR,0010,2687,0.21029113233089447,23.419430571816548,0.6672823429107666,0.00455047717534442
DIV2K_train_LR,0011,3287,0.21331457793712616,22.03733932449547,0.6390367150306702,0.006255558158335676
DIV2K_train_LR,0012,3287,0.2652834951877594,22.320453407458587,0.7295820116996765,0.005860769716045363
DIV2K_train_LR,0013,3437,0.13551780581474304,24.948795412819173,0.908562183380127,0.003199782473657002
DIV2K_train_LR,0014,3437,0.21834862232208252,22.925740432729707,0.5923624634742737,0.005098306661761271
DIV2K_train_LR,0015,2387,0.2247629016637802,20.723632171296874,0.6479505896568298,0.008465191385331734
DIV2K_train_LR,0016,3437,0.29091161489486694,24.846397728679143,0.6747800707817078,0.0032761232101103017
DIV2K_train_LR,0017,3587,0.33421316742897034,24.446393548158674,0.6708249449729919,0.0035922011151961644
DIV2K_train_LR,0018,3287,0.3208637535572052,21.85756790979123,0.7272912859916687,0.006519934106160599
DIV2K_train_LR,0019,3137,0.23389221727848053,23.08820111871103,0.5614161491394043,0.004911112548217722
DIV2K_train_LR,0020,3437,0.21609379351139069,27.860565204630248,0.8662207126617432,0.0016366035120308111
DIV2K_train_LR,0021,2987,0.2865186333656311,22.297392361200558,0.6076978445053101,0.0058919731884750194
DIV2K_train_LR,0022,2987,0.9566660523414612,19.976858468494086,0.47138872742652893,0.01005342754383195
DIV2K_train_LR,0023,3287,0.1615573614835739,32.440797375653446,0.923678457736969,0.0005700595977268265
DIV2K_train_LR,0024,2837,0.29825839400291443,25.74422623132942,0.7463226914405823,0.002664264728397528
DIV2K_train_LR,0025,3437,0.17240409553050995,26.162639590823975,0.6656389236450195,0.002419558018704707
DIV2K_train_LR,0026,3437,0.27139514684677124,18.96969535755101,0.5113951563835144,0.012677407847879178
DIV2K_train_LR,0027,3287,0.198750302195549,25.353677636338993,0.8273024559020996,0.0029149575522973417
DIV2K_train_LR,0028,3287,0.31029757857322693,26.09628187376481,0.8177704811096191,0.0024568113589404474
DIV2K_train_LR,0029,2987,0.26039329171180725,17.44658262717997,0.3982178866863251,0.018002869554612663
DIV2K_train_LR,0030,3287,0.29080718755722046,24.242503818651073,0.6457403302192688,0.003764866817700764
DIV2K_train_LR,0031,3437,0.2854537069797516,22.38416599343349,0.5826401114463806,0.00577541770996718
DIV2K_train_LR,0032,3587,0.24717825651168823,28.358824237516536,0.7618377804756165,0.001459209256712192
DIV2K_train_LR,0033,3287,0.3447667062282562,20.831561030901888,0.7003536224365234,0.008257410876527042
DIV2K_train_LR,0034,3437,0.3184489905834198,19.282047441926476,0.5378080606460571,0.011797643090550616
DIV2K_train_LR,0035,2987,0.23818664252758026,23.125437087860373,0.6531322598457336,0.004869185166180119
DIV2K_train_LR,0036,3437,0.14595022797584534,26.73919996630264,0.8551669716835022,0.0021187513932362824
DIV2K_train_LR,0037,3137,0.20874802768230438,27.003193074890515,0.7989631295204163,0.0019937958641008313
DIV2K_train_LR,0038,2237,0.20028884708881378,19.191941983875957,0.5727820992469788,0.012044972126534697
DIV2K_train_LR,0039,3287,0.2499813586473465,24.00355183948102,0.678642988204956,0.003977817141734014
DIV2K_train_LR,0040,3137,0.12690839171409607,31.96775996375278,0.8782137036323547,0.0006356587107985669
DIV2K_train_LR,0041,3137,0.31501510739326477,22.22166141392315,0.6920678615570068,0.005995616610226935
DIV2K_train_LR,0042,3137,0.21732880175113678,21.769178618735793,0.6398778557777405,0.006653989890607031
DIV2K_train_LR,0043,3587,0.36215710639953613,22.492379522821537,0.7550199031829834,0.0056332891848089464
DIV2K_train_LR,0044,2987,0.2780062258243561,24.52620117067262,0.7602420449256897,0.0035267922832605625
DIV2K_train_LR,0045,3587,0.3035659193992615,20.97015464693984,0.5959891676902771,0.007998057722077607
DIV2K_train_LR,0046,3587,0.21500404179096222,27.335333859873714,0.733177661895752,0.0018469988027663817
DIV2K_train_LR,0047,3287,0.2514740228652954,24.89080994442421,0.7913234233856201,0.0032427913377210127
DIV2K_train_LR,0048,3437,0.180172860622406,28.29522119746377,0.8664026856422424,0.0014807368252369244
DIV2K_train_LR,0049,3437,0.21959440410137177,23.84707071817845,0.7086052894592285,0.004123755682713591
DIV2K_train_LR,0050,3587,0.2962903380393982,24.90446193164579,0.7447149157524109,0.003232613666190643
DIV2K_train_LR,0051,3137,0.28113672137260437,22.480992861383324,0.6171572804450989,0.005648078346697176
DIV2K_train_LR,0052,3437,0.21058295667171478,20.31670265033029,0.4845963418483734,0.009296719633907673
DIV2K_train_LR,0053,2687,0.2966296970844269,23.872399164366197,0.7213028073310852,0.00409977555721653
DIV2K_train_LR,0054,2837,0.150582954287529,21.66388351638487,0.4811464548110962,0.006817288084582431
DIV2K_train_LR,0055,3137,0.17190493643283844,31.0792717497311,0.8549893498420715,0.00077996088565223
DIV2K_train_LR,0056,3587,0.22697363793849945,21.202768345799427,0.7106634974479675,0.007580941815284932
DIV2K_train_LR,0057,2987,0.16872863471508026,28.1969417353239,0.8624982833862305,0.0015146274579099079
DIV2K_train_LR,0058,3137,0.30306559801101685,26.897990616665794,0.853554904460907,0.002042682820899116
DIV2K_train_LR,0059,3587,0.32419553399086,27.538862483491155,0.7862747311592102,0.0017624376061721072
DIV2K_train_LR,0060,3287,0.2533206045627594,20.546523587770427,0.6995834708213806,0.008817544070114295
DIV2K_train_LR,0061,958,0.11664735525846481,19.510241592326835,0.650596559047699,0.011193756046442346
DIV2K_train_LR,0062,3137,0.26017382740974426,24.41609597418271,0.631554126739502,0.0036173489102136625
DIV2K_train_LR,0063,2087,0.273172527551651,16.25409789759205,0.33251193165779114,0.02369137178193411
DIV2K_train_LR,0064,2837,0.23241274058818817,31.346964318875273,0.9008664488792419,0.0007333369489692365
DIV2K_train_LR,0065,1487,0.09866916388273239,20.766098867635986,0.378633052110672,0.008382819443400797
DIV2K_train_LR,0066,2987,0.2373892068862915,22.410075134320202,0.6110054850578308,0.005741065286760498
DIV2K_train_LR,0067,3287,0.2367633730173111,27.930683213037515,0.7638339996337891,0.00161039227054625
DIV2K_train_LR,0068,2987,0.22128547728061676,27.31940887241955,0.8325970768928528,0.0018537839252738095
DIV2K_train_LR,0069,3287,0.3391954004764557,18.850942807721363,0.6187240481376648,0.013028838992599994
DIV2K_train_LR,0070,3587,0.2884275019168854,18.705898961117427,0.5252827405929565,0.013471318398214485
DIV2K_train_LR,0071,2987,0.22666746377944946,23.47172051296686,0.6466309428215027,0.00449601703646989
DIV2K_train_LR,0072,3437,0.2767332196235657,24.3678016960272,0.6871135234832764,0.0036577989352666778
DIV2K_train_LR,0073,3137,0.26190027594566345,21.551419931106963,0.5737338662147522,0.006996132165471759
DIV2K_train_LR,0074,3587,0.2690110504627228,25.083830125664953,0.6427311301231384,0.003101822823986518
DIV2K_train_LR,0075,2687,0.29643794894218445,19.189866565557722,0.4485321044921875,0.012050729615684862
DIV2K_train_LR,0076,3587,0.20366382598876953,23.97991289563311,0.6315744519233704,0.003999527702661583
DIV2K_train_LR,0077,3587,0.1879609376192093,30.605330335375946,0.8965234756469727,0.0008698952628458416
DIV2K_train_LR,0078,3137,0.25360575318336487,21.498322023479,0.5098924040794373,0.00708219364355007
DIV2K_train_LR,0079,3287,0.29678094387054443,25.04303680897868,0.7026227116584778,0.003131095534019478
DIV2K_train_LR,0080,2987,0.15364153683185577,22.36123303077614,0.7482690811157227,0.005805995506080733
DIV2K_train_LR,0081,3287,0.21932031214237213,26.202562911434416,0.8410913348197937,0.0023974177019215194
DIV2K_train_LR,0082,3437,0.2719968855381012,21.165828647754665,0.6276138424873352,0.0076456979051143315
DIV2K_train_LR,0083,2687,0.1935957670211792,23.00144955680219,0.5778904557228088,0.005010199785955074
DIV2K_train_LR,0084,2687,0.26917168498039246,26.847975219593305,0.7285432815551758,0.0020663433056872693
DIV2K_train_LR,0085,3437,0.33606305718421936,26.8842128215856,0.8685579299926758,0.0020491734247421772
DIV2K_train_LR,0086,3137,0.3617113530635834,20.082702675310465,0.6191949844360352,0.009811371745485253
DIV2K_train_LR,0087,3287,0.21408264338970184,27.823663428653553,0.7575693130493164,0.001650568888704831
DIV2K_train_LR,0088,3137,0.3159206509590149,20.805449336380384,0.7046586871147156,0.008307207598288593
DIV2K_train_LR,0089,3287,0.2782226502895355,25.68067395431202,0.7396014332771301,0.0027035387835788165
DIV2K_train_LR,0090,3587,0.28200528025627136,25.662337547495415,0.8036977648735046,0.002714977556427014
DIV2K_train_LR,0091,3287,0.2809852659702301,25.38647844187709,0.7629489898681641,0.002893024790453948
DIV2K_train_LR,0092,3137,0.1781364232301712,23.353574649896004,0.7181289792060852,0.004620005937348632
DIV2K_train_LR,0093,2687,0.3080960512161255,21.209981329017523,0.5320213437080383,0.007568361460959433
DIV2K_train_LR,0094,3287,0.3103429973125458,20.833926478753476,0.6101488471031189,0.008252914583559607
DIV2K_train_LR,0095,3587,0.3337322473526001,27.4704644328525,0.7549082636833191,0.0017904143764815327
DIV2K_train_LR,0096,3287,0.2706071436405182,23.025077773830272,0.7088677287101746,0.004983015302217273
DIV2K_train_LR,0097,3137,0.23493783175945282,23.948425501412785,0.7586837410926819,0.004028630614664396
DIV2K_train_LR,0098,2987,0.2562832534313202,26.59190962503252,0.7368900179862976,0.0021918409535989724
DIV2K_train_LR,0099,3137,0.32606300711631775,25.3697448776526,0.7163603901863098,0.0029041932458883633
DIV2K_train_LR,0100,2987,0.34737470746040344,25.253427211216106,0.7163307070732117,0.0029830276367091443
DIV2K_train_LR,0101,2987,0.19919776916503906,22.336645280215414,0.7515547275543213,0.005838959602238167
DIV2K_train_LR,0102,3287,0.2063925862312317,21.057897751418515,0.46634069085121155,0.007838089599242076
DIV2K_train_LR,0103,2987,0.2351447194814682,23.98157361496949,0.6979873776435852,0.003997998596067093
DIV2K_train_LR,0104,3287,0.1947079449892044,20.11874994150122,0.5420811176300049,0.009730272514759242
DIV2K_train_LR,0105,3137,0.20456208288669586,28.392862510295878,0.6644685864448547,0.0014478172574876032
DIV2K_train_LR,0106,3587,0.17065924406051636,23.1494295948264,0.665798008441925,0.004842359615463567
DIV2K_train_LR,0107,2237,0.3085460364818573,18.129444161930046,0.37708580493927,0.015383515099869027
DIV2K_train_LR,0108,3587,0.2675735652446747,20.800792049351738,0.6830807328224182,0.008316120867152527
DIV2K_train_LR,0109,3587,0.2505545914173126,29.231542350677593,0.9263281226158142,0.0011935641384044034
DIV2K_train_LR,0110,3587,0.22564809024333954,28.129836704012266,0.8377808928489685,0.0015382124755896221
DIV2K_train_LR,0111,2987,0.27211669087409973,20.430465933594597,0.6890341639518738,0.009056354311820525
DIV2K_train_LR,0112,3287,0.261446088552475,30.685521622198493,0.8575064539909363,0.0008539802711204266
DIV2K_train_LR,0113,3587,0.35479459166526794,24.442078892218532,0.6744536757469177,0.0035957716995667424
DIV2K_train_LR,0114,3137,0.3019813597202301,25.58260978297968,0.8126850724220276,0.0027652794116969823
DIV2K_train_LR,0115,3287,0.16789688169956207,26.84050847062518,0.7674605250358582,0.002069898985470853
DIV2K_train_LR,0116,2537,0.3494041860103607,23.77111259267557,0.7802029252052307,0.004196514605923293
DIV2K_train_LR,0117,3137,0.2652471363544464,23.360271810311424,0.5930113196372986,0.00461288701220677
DIV2K_train_LR,0118,3137,0.172568678855896,25.82686727350664,0.7986188530921936,0.0026140462730051294
DIV2K_train_LR,0119,2837,0.23294538259506226,21.34389997759206,0.696354866027832,0.0073385456534965764
DIV2K_train_LR,0120,3437,0.37049636244773865,27.836251626778534,0.8350762724876404,0.0016457915798031293
DIV2K_train_LR,0121,3437,0.2538902461528778,28.980535613518796,0.8983466029167175,0.0012645803704312234
DIV2K_train_LR,0122,3587,1.3602873086929321,19.759371412345132,0.5644149780273438,0.01056970476973556
DIV2K_train_LR,0123,3437,0.23086459934711456,26.331724709238106,0.761528491973877,0.002327166881531167
DIV2K_train_LR,0124,2837,0.08908599615097046,29.743099261166623,0.853698194026947,0.0010609381667623522
DIV2K_train_LR,0125,3437,0.32236069440841675,24.615846355809023,0.7386603951454163,0.0034547399564644815
DIV2K_train_LR,0126,2837,0.21861623227596283,25.211869595262108,0.712498128414154,0.0030117092264967758
DIV2K_train_LR,0127,3437,0.33237800002098083,24.354315799334152,0.7885252833366394,0.0036691749327814878
DIV2K_train_LR,0128,3587,0.297576904296875,26.372243028206665,0.7900004982948303,0.002305556112470978
DIV2K_train_LR,0129,3587,0.24620746076107025,20.67311916217203,0.425702840089798,0.008564225273560901
DIV2K_train_LR,0130,3287,0.2922195792198181,26.472559249167695,0.8200710415840149,0.0022529111987096275
DIV2K_train_LR,0131,3437,0.2901548743247986,25.92958805628069,0.6903068423271179,0.0025529434444529226
DIV2K_train_LR,0132,3587,0.2518726885318756,21.875620267376156,0.5165345072746277,0.006492888915193464
DIV2K_train_LR,0133,3437,0.3240564167499542,25.575582728597247,0.8537096381187439,0.0027697573561419994
DIV2K_train_LR,0134,3437,0.2990826666355133,22.95302466822815,0.7051486968994141,0.005066377322153525
DIV2K_train_LR,0135,3137,0.256067156791687,23.39544534781997,0.6464055180549622,0.004575678097254276
DIV2K_train_LR,0136,3587,0.16013549268245697,32.16372753913102,0.8863505721092224,0.0006076132643300776
DIV2K_train_LR,0137,2987,0.25873491168022156,22.76513823570934,0.7850005030632019,0.005290371541998199
DIV2K_train_LR,0138,3587,0.097958505153656,31.53083170741658,0.8706932663917542,0.0007029376877530829
DIV2K_train_LR,0139,3587,0.5220277905464172,20.635678682896035,0.46955084800720215,0.008638376525826545
DIV2K_train_LR,0140,3437,0.2008792906999588,21.958795174800038,0.5711385607719421,0.006369722055820769
DIV2K_train_LR,0141,2837,0.1445557028055191,23.175308901598125,0.6238471865653992,0.004813590147669364
DIV2K_train_LR,0142,3287,0.30295225977897644,19.847870401077035,0.5003440380096436,0.010356498767179456
DIV2K_train_LR,0143,3587,0.2726476788520813,24.449809033608453,0.6071879267692566,0.003589377165850457
DIV2K_train_LR,0144,2537,0.30076834559440613,18.781764144095312,0.5913093090057373,0.013238036765872672
DIV2K_train_LR,0145,3287,0.3422369956970215,19.693032142150887,0.42800652980804443,0.010732398353719377
DIV2K_train_LR,0146,3587,0.3564818799495697,20.657680476310066,0.5884352922439575,0.008594724310010548
DIV2K_train_LR,0147,3287,0.23194848001003265,21.08143650696387,0.5595332980155945,0.007795722073770364
DIV2K_train_LR,0148,3587,0.33933424949645996,21.15683903873343,0.681037187576294,0.007661540354424325
DIV2K_train_LR,0149,2687,0.2623428702354431,20.032860008351832,0.5917822122573853,0.009924622525984802
DIV2K_train_LR,0150,3587,0.09795389324426651,24.611122651193643,0.8162239193916321,0.0034584996283732027
DIV2K_train_LR,0151,2837,0.21331119537353516,19.880921839470634,0.523466169834137,0.010277981102346845
DIV2K_train_LR,0152,3287,0.2656435966491699,31.014886911400307,0.8746783137321472,0.0007916100672394202
DIV2K_train_LR,0153,3437,0.27849337458610535,25.422916955733136,0.7532123923301697,0.0028688530524635086
DIV2K_train_LR,0154,3287,0.26210424304008484,23.215708301934615,0.7774401307106018,0.004769020257937808
DIV2K_train_LR,0155,3137,0.23111699521541595,21.659397592129515,0.7509148120880127,0.00682433343479367
DIV2K_train_LR,0156,2837,0.2514922320842743,25.075538905952612,0.8284134268760681,0.003107750231721543
DIV2K_train_LR,0157,3287,0.283573180437088,30.47645145778994,0.9220611453056335,0.0008960966486077125
DIV2K_train_LR,0158,3587,0.25952765345573425,21.41098746670898,0.60423344373703,0.007226054826167834
DIV2K_train_LR,0159,3437,0.2590741813182831,26.28504150052222,0.7135007381439209,0.0023523170073464572
DIV2K_train_LR,0160,2537,0.28399279713630676,22.136345606297404,0.5459027886390686,0.006114563195370703
DIV2K_train_LR,0161,3287,0.2733481228351593,24.296409166873584,0.6302773952484131,0.0037184254727263767
DIV2K_train_LR,0162,3437,0.26344865560531616,20.345706345949974,0.5808072686195374,0.00923483977828138
DIV2K_train_LR,0163,3437,0.16981256008148193,23.81340632815138,0.7825210690498352,0.00415584523375264
DIV2K_train_LR,0164,3587,0.13611264526844025,24.434408586424468,0.8768830299377441,0.0036021279774784503
DIV2K_train_LR,0165,3287,0.3454451262950897,27.45836340394929,0.8510961532592773,0.0017954100764922003
DIV2K_train_LR,0166,3287,0.24603436887264252,20.112462542116823,0.658559262752533,0.009744369488470071
DIV2K_train_LR,0167,3137,0.3263331949710846,29.71053216306217,0.9145135283470154,0.0010689238889298805
DIV2K_train_LR,0168,3587,0.2027052640914917,29.336238765660163,0.9027280211448669,0.0011651346631786333
DIV2K_train_LR,0169,3437,0.2685111463069916,24.31008335083569,0.7193114757537842,0.0037067360643304736
DIV2K_train_LR,0170,3137,0.3646501302719116,18.54952617368893,0.6309894919395447,0.013965207056885313
DIV2K_train_LR,0171,3437,0.2793640196323395,23.58350318731331,0.6720293164253235,0.0043817710318508184
DIV2K_train_LR,0172,3587,0.24160899221897125,24.316549910020328,0.7413279414176941,0.0037012209112923106
DIV2K_train_LR,0173,3587,0.3149655759334564,21.95692658208223,0.5964494347572327,0.006372463257161849
DIV2K_train_LR,0174,3587,0.14757920801639557,24.970914918405057,0.5712119936943054,0.0031835267833791358
DIV2K_train_LR,0175,3287,0.20893514156341553,22.792196510260155,0.5436153411865234,0.005257512921325451
DIV2K_train_LR,0176,2237,0.21255715191364288,21.32660194401651,0.6657478213310242,0.007367833522254107
DIV2K_train_LR,0177,3587,0.2896645963191986,27.845200057690654,0.8912832736968994,0.0016424039958154012
DIV2K_train_LR,0178,3437,0.2634862959384918,23.83653293408599,0.6213407516479492,0.004133773780837922
DIV2K_train_LR,0179,3137,0.1965605467557907,26.587946017536716,0.6916275024414062,0.0021938422573728866
DIV2K_train_LR,0180,2387,0.3502449095249176,25.772537127587853,0.7753828167915344,0.002646953343120417
DIV2K_train_LR,0181,3587,0.1864110231399536,25.362637479595328,0.619053304195404,0.0029089499656066867
DIV2K_train_LR,0182,2687,0.2854454219341278,19.40974106524576,0.501380205154419,0.011455812372993895
DIV2K_train_LR,0183,2087,0.15204955637454987,24.256801089461966,0.6294544339179993,0.003752492991421685
DIV2K_train_LR,0184,2987,0.35375574231147766,22.596255502889665,0.7098634839057922,0.005500148909645891
DIV2K_train_LR,0185,3587,0.18130667507648468,27.944308880207952,0.8913536667823792,0.0016053477001569969
DIV2K_train_LR,0186,2087,0.187755286693573,16.007042572935692,0.5951221585273743,0.025078164094085857
DIV2K_train_LR,0187,3287,0.2836439311504364,26.786002301320515,0.792883574962616,0.002096040979849861
DIV2K_train_LR,0188,2387,0.37094947695732117,21.37420759994467,0.7482039332389832,0.007287511231713693
DIV2K_train_LR,0189,1787,0.2713625133037567,15.488775621847882,0.5397183299064636,0.028256764679719357
DIV2K_train_LR,0190,3137,0.21629273891448975,27.00754526321405,0.825713574886322,0.0019917988334272677
DIV2K_train_LR,0191,3437,0.33312806487083435,22.545283212903037,0.6876642107963562,0.005565083391573028
DIV2K_train_LR,0192,2987,0.2963518798351288,18.984701241050704,0.5910890698432922,0.012633680044320536
DIV2K_train_LR,0193,3287,0.27610519528388977,26.47417103065419,0.8503500819206238,0.002252075236279501
DIV2K_train_LR,0194,3587,0.3053918778896332,29.547810826819557,0.9163183569908142,0.001109734056653024
DIV2K_train_LR,0195,3587,0.3019736111164093,26.57017600897159,0.781693696975708,0.0022028371807517205
DIV2K_train_LR,0196,2837,0.25266456604003906,25.002507648204812,0.713067352771759,0.0031604522478215174
DIV2K_train_LR,0197,2987,0.28180772066116333,25.422324199466473,0.7397615313529968,0.0028692446390244457
DIV2K_train_LR,0198,2087,0.23244665563106537,23.015969151750216,0.7697646617889404,0.004993477327450943
DIV2K_train_LR,0199,3137,0.2793138921260834,23.643876150736006,0.7351798415184021,0.004321279765442826
DIV2K_train_LR,0200,3437,0.270939439535141,29.313548108604316,0.8766189217567444,0.0011712380932649312
DIV2K_train_LR,0201,2687,0.27627670764923096,21.160394407755263,0.510732114315033,0.007655270795861337
DIV2K_train_LR,0202,3137,0.2248409539461136,20.694814082491867,0.49461594223976135,0.008521549865823982
DIV2K_train_LR,0203,2837,0.13903850317001343,22.011782803194855,0.4307800233364105,0.006292478180033316
DIV2K_train_LR,0204,3587,0.24420247972011566,27.765522355146516,0.7702584266662598,0.0016728144220021907
DIV2K_train_LR,0205,2837,0.33073189854621887,22.295876332816857,0.49607911705970764,0.005894030320682424
DIV2K_train_LR,0206,3437,0.32572585344314575,20.966008195044957,0.6541658639907837,0.008005697547553441
DIV2K_train_LR,0207,3287,0.23421426117420197,23.70244493476731,0.6424993276596069,0.004263394350663402
DIV2K_train_LR,0208,3587,0.3116507828235626,22.18837693912118,0.6723411679267883,0.006041743779000744
DIV2K_train_LR,0209,3437,0.19953553378582,23.68730331668836,0.7626025080680847,0.004278284543947952
DIV2K_train_LR,0210,3137,0.26962968707084656,21.135938649793093,0.5244941115379333,0.0076985003557257835
DIV2K_train_LR,0211,3287,0.15382304787635803,23.00534119040945,0.4322509467601776,0.005005712239797399
DIV2K_train_LR,0212,2537,0.2456275224685669,17.331865901409394,0.46070265769958496,0.018484742597006183
DIV2K_train_LR,0213,3587,0.18633891642093658,19.749496754063195,0.5611896514892578,0.0105937646784793
DIV2K_train_LR,0214,2387,0.3009200990200043,17.784735221039206,0.41168949007987976,0.01665430351153992
DIV2K_train_LR,0215,3587,0.25973495841026306,29.24638552943653,0.8835307955741882,0.001189491780786626
DIV2K_train_LR,0216,2987,0.23554904758930206,19.480536714242902,0.4429006576538086,0.011270581574770868
DIV2K_train_LR,0217,3287,0.0019926223903894424,33.02343166586543,0.9099287986755371,0.0004984904383404811
DIV2K_train_LR,0218,2987,0.3052004873752594,19.53695109378259,0.5820088386535645,0.01112512471894286
DIV2K_train_LR,0219,3587,0.2699577510356903,24.437394799016467,0.6908383965492249,0.003599652014892865
DIV2K_train_LR,0220,3587,0.2502082586288452,21.755772112290153,0.6268931031227112,0.006674562237507379
DIV2K_train_LR,0221,2987,0.253691703081131,25.20838604882784,0.7256792187690735,0.0030141259344608285
DIV2K_train_LR,0222,3587,0.23042280972003937,23.389506149959907,0.6651546359062195,0.004581939854823506
DIV2K_train_LR,0223,3287,0.2358013391494751,25.28912350333662,0.7417016625404358,0.0029586095113386638
DIV2K_train_LR,0224,3587,0.29613903164863586,26.27114684328353,0.7908971905708313,0.0023598549793739636
DIV2K_train_LR,0225,2687,0.28484150767326355,27.256903024775156,0.8615981936454773,0.0018806574421156431
DIV2K_train_LR,0226,3137,0.3165956437587738,23.148790417956043,0.5860930681228638,0.004843072344228522
DIV2K_train_LR,0227,3587,0.2891363799571991,25.314541683856163,0.8331759572029114,0.0029413440601313403
DIV2K_train_LR,0228,3437,0.2756623327732086,29.106451713464022,0.78019779920578,0.0012284424860630168
DIV2K_train_LR,0229,2687,0.24388282001018524,23.927292017133453,0.6995672583580017,0.004048282367420443
DIV2K_train_LR,0230,2687,0.23779745399951935,23.974043671216158,0.7324536442756653,0.00400493647986476
DIV2K_train_LR,0231,3437,0.23597556352615356,21.30593181043676,0.5085747838020325,0.007402984109690274
DIV2K_train_LR,0232,2837,0.32944202423095703,24.42010690836769,0.6747527718544006,0.003614009653611037
DIV2K_train_LR,0233,2687,0.22153432667255402,24.176912144465344,0.6780884861946106,0.0038221593137953754
DIV2K_train_LR,0234,3587,0.2308141142129898,22.40511884941123,0.6998892426490784,0.005747620874804361
DIV2K_train_LR,0235,3587,0.2107200026512146,26.738033427384337,0.7670777440071106,0.0021193205884111515
DIV2K_train_LR,0236,3587,0.3211432993412018,25.344174353600174,0.7478494644165039,0.0029213430830582468
DIV2K_train_LR,0237,2837,0.2551506459712982,19.960601886480102,0.6686568260192871,0.010091130181763903
DIV2K_train_LR,0238,3587,0.230695903301239,24.763519581409163,0.5913372039794922,0.003339243130446155
DIV2K_train_LR,0239,2687,0.2969847023487091,23.586050727059742,0.7487509846687317,0.004379201459538097
DIV2K_train_LR,0240,3287,0.2037835717201233,22.03498078587502,0.6776971220970154,0.006258956309473425
DIV2K_train_LR,0241,3287,0.2218305468559265,29.06890525349119,0.8010774254798889,0.0012391088922766517
DIV2K_train_LR,0242,3587,0.31271281838417053,26.681523893630636,0.776899516582489,0.002147076952409595
DIV2K_train_LR,0243,3587,0.3108285069465637,20.704925531194945,0.44446006417274475,0.008501732675188115
DIV2K_train_LR,0244,2837,0.26857176423072815,20.76723177570446,0.6644790172576904,0.008380632967990631
DIV2K_train_LR,0245,2987,0.34040284156799316,22.17414462177809,0.5915296673774719,0.006061575756004431
DIV2K_train_LR,0246,3587,0.3073049485683441,20.276008870234293,0.6529960632324219,0.009384240106309866
DIV2K_train_LR,0247,3437,0.2992178499698639,24.158937671643056,0.6849178671836853,0.0038380111437887198
DIV2K_train_LR,0248,3287,0.3140195310115814,21.19761565470167,0.6594995856285095,0.007589941565967507
DIV2K_train_LR,0249,3287,0.22122825682163239,22.925497697795777,0.6508328914642334,0.005098591626524984
DIV2K_train_LR,0250,3287,0.19516314566135406,29.49219588545098,0.8146695494651794,0.0011240364929298687
DIV2K_train_LR,0251,3137,0.19817669689655304,33.16462069735766,0.9102563858032227,0.0004825451221258785
DIV2K_train_LR,0252,3437,0.17098075151443481,27.54575370835184,0.8470045924186707,0.0017596432478451998
DIV2K_train_LR,0253,3587,0.2032449096441269,32.46756225374845,0.9093623757362366,0.0005665572142673985
DIV2K_train_LR,0254,3137,0.28693094849586487,21.9282560521702,0.6612468361854553,0.006414671083287203
DIV2K_train_LR,0255,3137,0.27498412132263184,23.54736272978698,0.7628008723258972,0.004418386733182378
DIV2K_train_LR,0256,3437,0.2939035892486572,21.342916638592957,0.7334484457969666,0.007340207450269896
DIV2K_train_LR,0257,3287,0.3690842390060425,20.373946437979633,0.6611784100532532,0.009174984788665982
DIV2K_train_LR,0258,3287,0.22711116075515747,25.561049022139972,0.7787246108055115,0.0027790419148147043
DIV2K_train_LR,0259,3287,0.34846553206443787,26.21724006489385,0.7173295021057129,0.0023893292084072562
DIV2K_train_LR,0260,3137,0.13621068000793457,23.493061499105913,0.741010844707489,0.00447397804461714
DIV2K_train_LR,0261,3587,0.1741991490125656,20.031499749905066,0.2847854495048523,0.009927731528980827
DIV2K_train_LR,0262,3587,0.31509217619895935,22.697225892239512,0.6748989224433899,0.005373749402000072
DIV2K_train_LR,0263,2987,0.42086660861968994,28.197199569394602,0.9068679809570312,0.001514537531735275
DIV2K_train_LR,0264,3437,0.29211193323135376,22.781425618115343,0.713253915309906,0.005270568181985873
DIV2K_train_LR,0265,2837,0.21932922303676605,21.152683130421856,0.7497680187225342,0.007668875493587608
DIV2K_train_LR,0266,3437,0.1977849155664444,25.33190064402365,0.6309224963188171,0.0029296108455922577
DIV2K_train_LR,0267,3437,0.22441057860851288,25.580782121881597,0.8725222945213318,0.002766443373558911
DIV2K_train_LR,0268,3587,0.25174859166145325,29.2295892184773,0.8333789706230164,0.0011941010434460353
DIV2K_train_LR,0269,3137,0.22332864999771118,26.535874892625255,0.8014246821403503,0.0022203043457673247
DIV2K_train_LR,0270,2987,0.24807573854923248,23.659511530842604,0.6667805314064026,0.004305750350406342
DIV2K_train_LR,0271,3437,0.3353697955608368,21.481065996966542,0.6199064254760742,0.007110389615016609
DIV2K_train_LR,0272,3587,0.17459292709827423,29.51704500368117,0.8600709438323975,0.0011176234329817087
DIV2K_train_LR,0273,3437,0.17828255891799927,25.523478146403747,0.7523236274719238,0.0028031877371407
DIV2K_train_LR,0274,2987,0.25729426741600037,21.639954464507824,0.5353856682777405,0.0068549541244197505
DIV2K_train_LR,0275,2987,0.39156997203826904,27.29578889973233,0.7770444750785828,0.0018638935645055971
DIV2K_train_LR,0276,2687,0.36198821663856506,22.908588711246324,0.7275683879852295,0.0051184813744203144
DIV2K_train_LR,0277,3437,0.31328460574150085,24.47210073330468,0.7258712649345398,0.003571000621772577
DIV2K_train_LR,0278,3587,0.42001792788505554,26.991194309712014,0.8312196731567383,0.001999311976960656
DIV2K_train_LR,0279,3137,0.25181910395622253,25.764173631633703,0.8069989681243896,0.0026520556645291933
DIV2K_train_LR,0280,3437,0.3055776059627533,26.10115967297951,0.7633646130561829,0.0024540535272137556
DIV2K_train_LR,0281,2837,0.29728981852531433,17.208870007181638,0.4011262357234955,0.019015729756907185
DIV2K_train_LR,0282,3587,0.30531540513038635,25.547137419859503,0.8040565848350525,0.0027879581870412927
DIV2K_train_LR,0283,2837,0.2943556010723114,21.999217872458537,0.5786688923835754,0.006310709817634371
DIV2K_train_LR,0284,2687,0.24059925973415375,24.978535153487297,0.703773558139801,0.0031779457858999195
DIV2K_train_LR,0285,3287,0.3159541189670563,23.50130837600341,0.6968393325805664,0.004465490410227732
DIV2K_train_LR,0286,3587,0.34341028332710266,25.610817417159257,0.655055820941925,0.0027473769957742553
DIV2K_train_LR,0287,3287,0.2236063927412033,24.7289691374979,0.748081624507904,0.0033659145389354586
DIV2K_train_LR,0288,2687,0.22151094675064087,21.47077427862409,0.5598155856132507,0.007127259493386758
DIV2K_train_LR,0289,3587,0.3380584716796875,25.21798400008748,0.7476610541343689,0.003007472045880674
DIV2K_train_LR,0290,3587,0.24908447265625,23.22897718359792,0.7477715015411377,0.0047544718326634604
DIV2K_train_LR,0291,2687,0.2414449006319046,19.368485634820956,0.3735865652561188,0.011565154391464882
DIV2K_train_LR,0292,3587,0.2537432610988617,21.84176786242373,0.6558388471603394,0.00654369745501014
DIV2K_train_LR,0293,2837,0.2667164206504822,20.717597162110614,0.5688765048980713,0.008476962916656755
DIV2K_train_LR,0294,3437,0.24061329662799835,25.85135429086888,0.8179954886436462,0.002599348856905818
DIV2K_train_LR,0295,3287,0.16993661224842072,24.44759566666217,0.7681997418403625,0.0035912069517363516
DIV2K_train_LR,0296,3137,0.2957046627998352,23.813426072716698,0.8347875475883484,0.004155826338377306
DIV2K_train_LR,0297,2387,0.20757640898227692,19.725929176067428,0.3996265232563019,0.010651409483896477
DIV2K_train_LR,0298,3137,0.216506227850914,23.0420357943269,0.7322961688041687,0.00496359592501368
DIV2K_train_LR,0299,3137,0.29528483748435974,22.031717682041286,0.691666841506958,0.006263660806139177
DIV2K_train_LR,0300,3137,0.3315364420413971,23.70011611622698,0.5744958519935608,0.004265681126457635
DIV2K_train_LR,0301,3287,0.2210412621498108,35.39538742367969,0.955420196056366,0.00028870961986138705
DIV2K_train_LR,0302,3137,0.21046419441699982,21.155862337003303,0.5915734767913818,0.007663263595853764
DIV2K_train_LR,0303,3287,0.3010295629501343,20.876070482195907,0.5723793506622314,0.008173215501895585
DIV2K_train_LR,0304,3287,0.31133249402046204,22.950417453693746,0.6691486239433289,0.00506941976731594
DIV2K_train_LR,0305,2987,0.29142650961875916,24.62796762823411,0.5290966629981995,0.003445111140406174
DIV2K_train_LR,0306,3587,0.3145506978034973,22.998013877987336,0.6578925251960754,0.0050141648878095435
DIV2K_train_LR,0307,2687,0.2600143253803253,27.265478410393488,0.8230782151222229,0.0018769476398679064
DIV2K_train_LR,0308,3437,0.2529107332229614,21.65480698593566,0.6849400401115417,0.0068315507634713404
DIV2K_train_LR,0309,3287,0.24633310735225677,22.60766444817179,0.7596328854560852,0.0054857189423785785
DIV2K_train_LR,0310,2837,0.19980396330356598,22.66864265285651,0.6248614192008972,0.005409233557828055
DIV2K_train_LR,0311,3587,0.33288314938545227,21.901681780423353,0.5084101557731628,0.0064540425030400516
DIV2K_train_LR,0312,3587,0.2904788553714752,21.034394090923808,0.6348989605903625,0.007880623662065534
DIV2K_train_LR,0313,3287,0.3250226676464081,18.515608586157235,0.5033085346221924,0.014074699757211286
DIV2K_train_LR,0314,2087,0.27623113989830017,23.30933681997745,0.7734276652336121,0.004667306435975856
DIV2K_train_LR,0315,3137,0.14029072225093842,25.543686161576243,0.8030480742454529,0.0027901746057159465
DIV2K_train_LR,0316,3137,0.2235671877861023,23.74323908195838,0.7157182097434998,0.004223534939741538
DIV2K_train_LR,0317,2987,0.2860214114189148,19.929941778968335,0.5770717263221741,0.010162623104724985
DIV2K_train_LR,0318,3587,0.21714575588703156,24.612357953222393,0.7626124024391174,0.003457516039826851
DIV2K_train_LR,0319,3587,0.24822498857975006,26.13346327207693,0.8762010931968689,0.0024358675583020066
DIV2K_train_LR,0320,1787,0.3464329242706299,15.704210796532447,0.42503514885902405,0.026889264154820174
DIV2K_train_LR,0321,3437,0.14274396002292633,28.550166409883182,0.8561327457427979,0.0013963148556625949
DIV2K_train_LR,0322,3587,0.19205433130264282,24.395542905987405,0.6566327214241028,0.0036345086654082366
DIV2K_train_LR,0323,2837,0.26926717162132263,20.730344550584263,0.624508798122406,0.008452117833560282
DIV2K_train_LR,0324,1787,0.1582387089729309,19.04229814284029,0.42516693472862244,0.012467236086110741
DIV2K_train_LR,0325,2987,0.2900941073894501,22.01875798414057,0.6260380744934082,0.006282379980212047
DIV2K_train_LR,0326,3587,0.19871366024017334,24.733099915175224,0.7724257111549377,0.003362714580118797
DIV2K_train_LR,0327,3287,0.1742866039276123,23.388078100043327,0.772942304611206,0.004583446747312188
DIV2K_train_LR,0328,3587,0.2855963110923767,21.628479367360445,0.567328929901123,0.006873090480679254
DIV2K_train_LR,0329,3587,0.33133944869041443,25.38971865615465,0.8188340067863464,0.002890867145860248
DIV2K_train_LR,0330,3587,0.13134770095348358,25.304675423542513,0.611179769039154,0.0029480337891758385
DIV2K_train_LR,0331,3587,0.30537763237953186,24.43258963387634,0.8059834837913513,0.0036036369854777314
DIV2K_train_LR,0332,1487,0.228481724858284,18.159649297767967,0.4880800247192383,0.015276894103742571
DIV2K_train_LR,0333,3137,0.22370803356170654,21.162818106276937,0.4935152530670166,0.007650999760619133
DIV2K_train_LR,0334,3137,0.2003037929534912,21.534379812716512,0.5627521872520447,0.007023636328389403
DIV2K_train_LR,0335,3587,0.19308970868587494,23.988057339474626,0.5950013399124146,0.0039920343156888615
DIV2K_train_LR,0336,3587,0.20355628430843353,22.291581117528075,0.6499131321907043,0.005899862456362185
DIV2K_train_LR,0337,3587,0.251664400100708,24.91482958693514,0.8394701480865479,0.0032249058451555056
DIV2K_train_LR,0338,3587,0.15297137200832367,25.232440962899506,0.8107935786247253,0.002997477294083017
DIV2K_train_LR,0339,2687,0.3327540457248688,23.213447542679475,0.654149055480957,0.004771503476176934
DIV2K_train_LR,0340,3587,0.1927747279405594,22.07398985081955,0.556751549243927,0.006202989034295455
DIV2K_train_LR,0341,3587,0.31374913454055786,25.536034480984725,0.7595028877258301,0.0027950948537171136
DIV2K_train_LR,0342,3287,0.32653355598449707,19.380962705505386,0.5716665983200073,0.011531975931817115
DIV2K_train_LR,0343,3587,0.33874091506004333,24.76383434468913,0.620487630367279,0.003339001121166388
DIV2K_train_LR,0344,3587,0.2186490297317505,28.65586499999095,0.8343136310577393,0.001362741555491367
DIV2K_train_LR,0345,3587,0.19624274969100952,21.587964936503315,0.49647465348243713,0.006937508146792551
DIV2K_train_LR,0346,3437,0.35428813099861145,23.58547317654449,0.6518643498420715,0.004379783886798991
DIV2K_train_LR,0347,2987,0.30798161029815674,22.685340565866454,0.6822723746299744,0.005388475861923858
DIV2K_train_LR,0348,1487,0.23484033346176147,17.586405975744263,0.5805734992027283,0.017432488978770703
DIV2K_train_LR,0349,2987,0.24822162091732025,20.536420819168395,0.6543881297111511,0.008838079744895035
DIV2K_train_LR,0350,3287,0.30853524804115295,23.175744493580236,0.6537813544273376,0.004813107361256649
DIV2K_train_LR,0351,2987,0.315106600522995,21.463913929455906,0.5831279754638672,0.007138526981756796
DIV2K_train_LR,0352,2837,0.32640835642814636,20.844859811150094,0.5578126311302185,0.0082321640758399
DIV2K_train_LR,0353,1937,0.28240951895713806,22.2057341023977,0.6682789325714111,0.006017645348596095
DIV2K_train_LR,0354,3437,0.297834187746048,25.217234450858502,0.7581411004066467,0.003007991148012891
DIV2K_train_LR,0355,3587,0.23076646029949188,27.116259018300987,0.7868830561637878,0.0019425584595563936
DIV2K_train_LR,0356,3587,0.24867211282253265,22.63607231332188,0.6663432717323303,0.0054499531365986
DIV2K_train_LR,0357,3137,0.29256388545036316,21.416006130133468,0.6969907879829407,0.007217709264539076
DIV2K_train_LR,0358,3437,0.290287047624588,23.206550194735836,0.6987505555152893,0.004779087469730645
DIV2K_train_LR,0359,3437,0.25629857182502747,29.37694386828396,0.851610004901886,0.001154265227165206
DIV2K_train_LR,0360,3137,0.1253877580165863,26.493707842166508,0.7200866341590881,0.0022419669897668945
DIV2K_train_LR,0361,2687,0.30521145462989807,20.36683033383662,0.5848996043205261,0.009190030746246306
DIV2K_train_LR,0362,2537,0.3615781366825104,23.39571633707349,0.6652111411094666,0.004575392584085605
DIV2K_train_LR,0363,3287,0.21206426620483398,21.70675737821294,0.41941288113594055,0.006750318448194267
DIV2K_train_LR,0364,3587,0.3200658857822418,32.30687458394176,0.9305763244628906,0.0005879122932406967
DIV2K_train_LR,0365,3587,0.27745702862739563,27.205455304690492,0.7696312069892883,0.0019030687054711218
DIV2K_train_LR,0366,2087,0.24276070296764374,20.777804855759637,0.6377291083335876,0.00836025474177554
DIV2K_train_LR,0367,3587,0.30531173944473267,25.31812118077209,0.7978003621101379,0.0029389207865605626
DIV2K_train_LR,0368,3587,0.2470911741256714,27.871979539532802,0.8462859988212585,0.0016323077619229377
DIV2K_train_LR,0369,3437,0.15778806805610657,23.2583756652189,0.5433676838874817,0.004722396317052706
DIV2K_train_LR,0370,1337,0.1954735964536667,17.85980571461808,0.42857709527015686,0.016368897420892037
DIV2K_train_LR,0371,3587,0.28556811809539795,24.657185609852124,0.7756149768829346,0.0034220112858455065
DIV2K_train_LR,0372,1937,0.18166573345661163,16.202736175064324,0.23549534380435944,0.023973220518194387
DIV2K_train_LR,0373,3587,0.20479966700077057,26.54469448703232,0.8813572525978088,0.002215799963571867
DIV2K_train_LR,0374,3137,0.2741865813732147,25.669374429977047,0.7548021674156189,0.002710582035541085
DIV2K_train_LR,0375,3587,0.30901286005973816,19.32085897897789,0.6094624400138855,0.011692680940529755
DIV2K_train_LR,0376,3287,0.2109997421503067,32.56361505916041,0.9046370387077332,0.0005541642341714156
DIV2K_train_LR,0377,3287,0.23908428847789764,18.44876168984562,0.39194464683532715,0.014293014328210209
DIV2K_train_LR,0378,3437,0.22219429910182953,25.29067202344613,0.6058629155158997,0.002957554780824111
DIV2K_train_LR,0379,3287,0.35599687695503235,25.670977819205646,0.7267829775810242,0.002709581488623127
DIV2K_train_LR,0380,3287,0.21128664910793304,20.786649814415345,0.40659642219543457,0.00834324540290814
DIV2K_train_LR,0381,3437,0.35813748836517334,24.25352878737229,0.7942328453063965,0.00375532146329356
DIV2K_train_LR,0382,1787,0.273429811000824,18.612633279463495,0.42774465680122375,0.013763746650680553
DIV2K_train_LR,0383,3437,0.1894403100013733,25.866922479217777,0.6973101496696472,0.002590047636919276
DIV2K_train_LR,0384,3287,0.2725082039833069,23.41793575868668,0.6050867438316345,0.004552043699163776
DIV2K_train_LR,0385,2687,0.21112112700939178,20.929786441751098,0.7098227143287659,0.008072747209953499
DIV2K_train_LR,0386,3137,0.2790202796459198,22.04000759645295,0.7029171586036682,0.0062517159572728605
DIV2K_train_LR,0387,3587,0.9512947201728821,23.712313031725767,0.6065635681152344,0.004253718001945493
DIV2K_train_LR,0388,3287,0.2295590043067932,22.64362862829923,0.5890355706214905,0.005440478974755224
DIV2K_train_LR,0389,2837,0.255281001329422,25.09800997289164,0.808931827545166,0.0030917117808937364
DIV2K_train_LR,0390,3587,0.2734350860118866,21.090242082025718,0.6134229302406311,0.007779931781962337
DIV2K_train_LR,0391,3287,0.27445605397224426,22.38944719678924,0.7425999641418457,0.00576839879865164
DIV2K_train_LR,0392,2537,0.2791801393032074,15.588076125768609,0.3667058050632477,0.027618010064081433
DIV2K_train_LR,0393,3287,0.31112632155418396,25.22715168626825,0.7330016493797302,0.0030011301553777687
DIV2K_train_LR,0394,3437,0.2933672368526459,25.192572942282446,0.7639896273612976,0.003025120684479036
DIV2K_train_LR,0395,3587,0.22212959825992584,23.808671038615067,0.5776569247245789,0.0041603789982564065
DIV2K_train_LR,0396,3437,0.2960204780101776,28.042260794553183,0.800860583782196,0.0015695455330254609
DIV2K_train_LR,0397,3137,0.20474524796009064,23.58457294475548,0.6203522682189941,0.004380691840073162
DIV2K_train_LR,0398,3587,0.25146371126174927,24.779186231250808,0.6069944500923157,0.003327218912406493
DIV2K_train_LR,0399,3587,0.30638065934181213,21.607853980736618,0.5629848837852478,0.00690580959710497
DIV2K_train_LR,0400,3137,0.16015727818012238,26.98363081974027,0.8995798230171204,0.0020027969229198827
DIV2K_train_LR,0401,3587,0.3424955904483795,21.644816372678115,0.753047525882721,0.0068472843133055945
DIV2K_train_LR,0402,3287,0.2668744921684265,23.92413397979748,0.719606339931488,0.004051227208193513
DIV2K_train_LR,0403,3287,0.298332542181015,25.24550148523923,0.7679862976074219,0.002988476535231739
DIV2K_train_LR,0404,3587,0.18194733560085297,22.710848813892174,0.6062806248664856,0.005356919477904111
DIV2K_train_LR,0405,2237,0.2866186201572418,22.604441226929225,0.6703746318817139,0.0054897918210723325
DIV2K_train_LR,0406,3587,0.25430595874786377,31.019286222310075,0.91227126121521,0.0007908085884546748
DIV2K_train_LR,0407,3137,0.28122636675834656,26.285601515619188,0.7291918396949768,0.0023520137028898145
DIV2K_train_LR,0408,3437,0.19037050008773804,24.13510822641164,0.7022435069084167,0.00385912793255468
DIV2K_train_LR,0409,2237,0.26534193754196167,18.481472639334843,0.4774669110774994,0.014185764116072619
DIV2K_train_LR,0410,3587,0.2633124887943268,26.794707083340768,0.7455759048461914,0.0020918439857785043
DIV2K_train_LR,0411,3587,0.2772617042064667,22.56187439531422,0.5494371652603149,0.005543863890092154
DIV2K_train_LR,0412,3587,0.276279479265213,21.309595506815512,0.6507678031921387,0.007396741606216416
DIV2K_train_LR,0413,2537,0.33966994285583496,21.99886296204456,0.5888414978981018,0.006311225577858135
DIV2K_train_LR,0414,2687,0.3198259770870209,24.988094568107968,0.7767342925071716,0.003170958383725147
DIV2K_train_LR,0415,2987,0.34936800599098206,23.252996109104508,0.755186140537262,0.004728249521942681
DIV2K_train_LR,0416,3587,0.19906480610370636,35.200184357886585,0.9140403866767883,0.00030198235261522533
DIV2K_train_LR,0417,2837,0.2590252161026001,20.87726870240186,0.5768067836761475,0.008170960827836169
DIV2K_train_LR,0418,3437,0.30078211426734924,23.90882567996605,0.6851460933685303,0.0040655324404931924
DIV2K_train_LR,0419,3587,0.320053368806839,28.7189241194844,0.8971784114837646,0.0013430976405763475
DIV2K_train_LR,0420,3587,0.3271283507347107,20.056479492861705,0.5542762875556946,0.009870793101034558
DIV2K_train_LR,0421,3137,0.3501441776752472,19.805713052492134,0.6517232656478882,0.010457519709674623
DIV2K_train_LR,0422,3437,0.27347442507743835,27.887606039265677,0.8921232223510742,0.0016264450499236967
DIV2K_train_LR,0423,3287,0.18041808903217316,23.68150000471667,0.657247006893158,0.004284005297663206
DIV2K_train_LR,0424,3587,0.2811606824398041,29.109132896047957,0.8266149163246155,0.0012276843206139863
DIV2K_train_LR,0425,3587,0.09535810351371765,33.382378536087984,0.8978211879730225,0.0004589465885968971
DIV2K_train_LR,0426,3587,0.3193133771419525,20.463011468703705,0.4781133234500885,0.008988740677345708
DIV2K_train_LR,0427,3437,0.30086347460746765,24.751763591243577,0.606728732585907,0.003348294425794808
DIV2K_train_LR,0428,3287,0.23150302469730377,27.34272914332079,0.7583734393119812,0.0018438563586149074
DIV2K_train_LR,0429,3587,0.2414930909872055,25.76851073256841,0.6875171661376953,0.0026494085082419943
DIV2K_train_LR,0430,3137,0.24884800612926483,25.59768660255548,0.7643254399299622,0.002755696211826486
DIV2K_train_LR,0431,2987,0.18989433348178864,24.257846139403956,0.7269120812416077,0.0037515900963643453
DIV2K_train_LR,0432,3287,0.26832640171051025,29.47842760013733,0.8372755646705627,0.001127605638914612
DIV2K_train_LR,0433,3137,0.2400943785905838,24.336750555929004,0.7965989112854004,0.0036840451282249467
DIV2K_train_LR,0434,2837,0.23096810281276703,24.16055143943634,0.70222407579422,0.0038365852737554684
DIV2K_train_LR,0435,3587,0.29025837779045105,27.252409566390604,0.8386275172233582,0.001882604283388428
DIV2K_train_LR,0436,3587,0.1856476217508316,29.188343023155813,0.76997309923172,0.0012054957888295564
DIV2K_train_LR,0437,2687,0.14660300314426422,23.944973106452295,0.6212418079376221,0.004031834427471122
DIV2K_train_LR,0438,3137,0.29003018140792847,18.094984987465146,0.48717203736305237,0.015506061396619463
DIV2K_train_LR,0439,3587,0.2926692068576813,23.41301862021932,0.5763713121414185,0.004557200500846541
DIV2K_train_LR,0440,3587,0.3002692461013794,20.633217696906367,0.638389527797699,0.008643272944696988
DIV2K_train_LR,0441,2687,0.2428688257932663,24.71971773050434,0.714144766330719,0.0033730923098866557
DIV2K_train_LR,0442,3287,0.08349914103746414,29.24318787335721,0.8284468650817871,0.0011903679129201584
DIV2K_train_LR,0443,3437,0.2329123616218567,19.049283599221063,0.32603737711906433,0.012447199181887815
DIV2K_train_LR,0444,3137,0.2344510704278946,24.16111022117166,0.7545358538627625,0.0038360916658557527
DIV2K_train_LR,0445,3437,0.27373072504997253,29.397209841901617,0.8964285850524902,0.0011488914957386673
DIV2K_train_LR,0446,3437,0.27434250712394714,19.621514699909913,0.4714202880859375,0.010910597361682251
DIV2K_train_LR,0447,1787,0.314759224653244,20.466829095173722,0.6101939678192139,0.008980842658081327
DIV2K_train_LR,0448,3437,0.282613068819046,28.120399698887326,0.7626903057098389,0.0015415585703433714
DIV2K_train_LR,0449,3137,0.27859240770339966,30.575341276009084,0.78611820936203,0.000875922881780223
DIV2K_train_LR,0450,2537,0.18048836290836334,23.912338176329744,0.5634927153587341,0.004062245631532645
DIV2K_train_LR,0451,3587,0.28339216113090515,24.384905582856675,0.6396655440330505,0.0036434217018546616
DIV2K_train_LR,0452,2837,0.2836120128631592,26.94200245544745,0.8268413543701172,0.0020220866083118065
DIV2K_train_LR,0453,3287,0.15630857646465302,26.580294274436813,0.6506561636924744,0.0021977109486581163
DIV2K_train_LR,0454,3437,0.2792246639728546,22.012740419259025,0.7202725410461426,0.006291090832932591
DIV2K_train_LR,0455,3587,0.24072284996509552,23.03891816003432,0.7210927605628967,0.004967160393438548
DIV2K_train_LR,0456,3437,0.31723281741142273,26.78996144982254,0.8263978362083435,0.00209413103647196
DIV2K_train_LR,0457,3137,0.39012977480888367,20.04888668524429,0.6550295948982239,0.009888065376431858
DIV2K_train_LR,0458,3587,0.2285536527633667,29.771470948301328,0.8160539269447327,0.0010540298354419335
DIV2K_train_LR,0459,3587,0.27197620272636414,25.56071065903204,0.7801734805107117,0.002779258438371782
DIV2K_train_LR,0460,3137,0.24242858588695526,19.0499779974039,0.5096709728240967,0.012445209111593367
DIV2K_train_LR,0461,3587,0.287723571062088,27.444031808462093,0.8403263092041016,0.0018013446649643417
DIV2K_train_LR,0462,3437,0.2530815303325653,21.347443844488847,0.6243448853492737,0.007332559783932738
DIV2K_train_LR,0463,3437,0.310377836227417,17.612909945530248,0.4794464111328125,0.017326426600195486
DIV2K_train_LR,0464,3437,0.32394465804100037,23.810158759880164,0.6555845141410828,0.0041589540528669325
DIV2K_train_LR,0465,3587,0.25237226486206055,24.10956206577293,0.7451739311218262,0.003881895060174975
DIV2K_train_LR,0466,3587,0.30091094970703125,21.3824362461575,0.5803547501564026,0.007273716567803349
DIV2K_train_LR,0467,3137,0.2803969979286194,27.88506488814611,0.8255096077919006,0.001627396994112293
DIV2K_train_LR,0468,3587,0.3810981512069702,24.724072679578914,0.7561184763908386,0.0033697115871265514
DIV2K_train_LR,0469,3437,0.23031216859817505,26.640059953962904,0.8324450850486755,0.0021676741723159064
DIV2K_train_LR,0470,3287,0.1980675905942917,22.865914441420067,0.5315222144126892,0.005169024078654132
DIV2K_train_LR,0471,3437,0.32474204897880554,18.912456761720883,0.5566263198852539,0.012845597843894756
DIV2K_train_LR,0472,2537,0.15382210910320282,26.60187924499059,0.7366407513618469,0.0021868151569323802
DIV2K_train_LR,0473,2837,0.16135777533054352,23.555598544705695,0.6717192530632019,0.004410015769685116
DIV2K_train_LR,0474,3437,0.27474120259284973,26.029820474723856,0.7994731068611145,0.002494697846800057
DIV2K_train_LR,0475,3587,0.28641971945762634,25.34034352301653,0.7356039881706238,0.0029239210847786168
DIV2K_train_LR,0476,3287,0.24368304014205933,20.20281973285988,0.5776341557502747,0.0095437273797137
DIV2K_train_LR,0477,3137,0.3401172459125519,21.083963787335097,0.7305828928947449,0.007791186816293801
DIV2K_train_LR,0478,2537,0.22361309826374054,21.259737671348326,0.5574324727058411,0.007482146927847586
DIV2K_train_LR,0479,2537,0.20349343121051788,24.085583336326213,0.738677978515625,0.003903387483006665
DIV2K_train_LR,0480,3137,0.22425900399684906,28.64756802931357,0.85493403673172,0.001365347486743157
DIV2K_train_LR,0481,3437,0.2998482286930084,25.96410884999227,0.7140889167785645,0.002532731281305766
DIV2K_train_LR,0482,3587,0.24788524210453033,21.3458836613157,0.582780122756958,0.0073351944543658355
DIV2K_train_LR,0483,3287,0.23751378059387207,24.884739227171835,0.7692378163337708,0.003247327386389042
DIV2K_train_LR,0484,3437,0.2941117286682129,28.476851624782014,0.7701384425163269,0.001420086625632472
DIV2K_train_LR,0485,2837,0.23049919307231903,21.893292540540877,0.5356743931770325,0.006466521782341651
DIV2K_train_LR,0486,3137,0.2798232138156891,24.59355869198793,0.7636404037475586,0.0034725149957528217
DIV2K_train_LR,0487,3137,0.29519566893577576,18.951040477157058,0.5046544671058655,0.012731980071414144
DIV2K_train_LR,0488,3587,0.18248288333415985,36.969878614107124,0.9022707939147949,0.0002009148967575238
DIV2K_train_LR,0489,2537,0.3404456079006195,24.058038701656574,0.7498262524604797,0.003928222952265714
DIV2K_train_LR,0490,3287,0.18031857907772064,24.04780382983975,0.7301294207572937,0.003937491362595092
DIV2K_train_LR,0491,3437,0.2672572433948517,19.740425555658824,0.441845566034317,0.010615915274495827
DIV2K_train_LR,0492,3287,0.2595232129096985,20.737704418873616,0.49702170491218567,0.00843780640104373
DIV2K_train_LR,0493,2837,0.296851247549057,19.201235085746507,0.7042216658592224,0.012019225616853112
DIV2K_train_LR,0494,3137,0.2574213445186615,32.77671675205118,0.8910298347473145,0.0005276285953098897
DIV2K_train_LR,0495,3587,0.1746894121170044,24.134414724012323,0.793679416179657,0.003859744233219113
DIV2K_train_LR,0496,3137,0.21674025058746338,25.332495127423513,0.7549317479133606,0.0029292098466804713
DIV2K_train_LR,0497,3587,0.33646056056022644,26.846948340407426,0.6615796089172363,0.002066831943649893
DIV2K_train_LR,0498,3587,0.27277758717536926,26.936523335380684,0.8291788101196289,0.0020246393096535376
DIV2K_train_LR,0499,3587,0.20558321475982666,23.807476309002176,0.7096932530403137,0.004161523656051671
DIV2K_train_LR,0500,2837,0.2987852394580841,21.824359888641716,0.6263251900672913,0.006569979421723069
DIV2K_train_LR,0501,3587,0.2546156346797943,19.749534144908093,0.5697346925735474,0.010593673488477702
DIV2K_train_LR,0502,3437,0.16599081456661224,24.795991703682255,0.8178483843803406,0.0033143687703071196
DIV2K_train_LR,0503,3137,0.2463420033454895,22.51359359642681,0.6801507472991943,0.005605839233110713
DIV2K_train_LR,0504,3137,0.2490108758211136,23.77828860622406,0.66748046875,0.004189586284191436
DIV2K_train_LR,0505,3437,0.2557082176208496,17.65429930994849,0.4007236957550049,0.017162085704631534
DIV2K_train_LR,0506,3587,0.32989731431007385,21.807975800600712,0.631426990032196,0.006594811983704576
DIV2K_train_LR,0507,3437,0.15818439424037933,33.17288022416591,0.9327996373176575,0.00048162827672392926
DIV2K_train_LR,0508,3587,0.3442203998565674,19.181498974495412,0.6349976062774658,0.012073970216065205
DIV2K_train_LR,0509,2687,0.3562733232975006,22.520827785533285,0.7534361481666565,0.005596509160850563
DIV2K_train_LR,0510,3437,0.27251824736595154,21.268649091287877,0.6295388340950012,0.007466809819883525
DIV2K_train_LR,0511,3287,0.343082457780838,23.297592224650828,0.7260696887969971,0.004679945294226173
DIV2K_train_LR,0512,3437,0.2566733956336975,20.981255282779845,0.6299455761909485,0.007977640652165588
DIV2K_train_LR,0513,3437,0.002034334698691964,31.719326972597635,0.8664333820343018,0.0006730809543108868
DIV2K_train_LR,0514,3287,0.3125151991844177,21.416586827389107,0.571105420589447,0.0072167442674267454
DIV2K_train_LR,0515,2087,0.21848082542419434,20.187496211509135,0.40309199690818787,0.009577460664602598
DIV2K_train_LR,0516,2687,0.18063008785247803,20.583498717386558,0.5476821064949036,0.008742791596015848
DIV2K_train_LR,0517,3587,0.2665739357471466,25.885706057070934,0.8104868531227112,0.0025788696641223584
DIV2K_train_LR,0518,2837,0.7055980563163757,23.003573082573592,0.6453766226768494,0.005007750573667994
DIV2K_train_LR,0519,3587,0.167025625705719,29.203544026679612,0.7877569794654846,0.0012012837359895538
DIV2K_train_LR,0520,3287,0.39800825715065,18.815997184187314,0.6485398411750793,0.01313409879202706
DIV2K_train_LR,0521,3437,0.24392743408679962,20.10802949746527,0.7174649834632874,0.009754321081660265
DIV2K_train_LR,0522,3287,0.22625499963760376,30.46591362080038,0.8390350937843323,0.0008982736027611278
DIV2K_train_LR,0523,3287,0.27667853236198425,18.421150319597285,0.3318566381931305,0.014384175293280538
DIV2K_train_LR,0524,3287,0.2867891788482666,26.499283074091473,0.8303708434104919,0.002239090726062524
DIV2K_train_LR,0525,3587,0.2900508940219879,29.638153341802575,0.7919884324073792,0.0010868876765967657
DIV2K_train_LR,0526,1937,0.22362284362316132,18.258789415326568,0.35976171493530273,0.014932105731578557
DIV2K_train_LR,0527,2537,0.31162014603614807,23.763286866377577,0.6792866587638855,0.004204083291977741
DIV2K_train_LR,0528,2687,0.26400789618492126,26.628075512200596,0.7914068102836609,0.002173664178555745
DIV2K_train_LR,0529,1198,0.21785253286361694,17.575829816092515,0.3539310693740845,0.017474993211509898
DIV2K_train_LR,0530,3587,0.2678415775299072,28.297332992582156,0.8558216094970703,0.00148001698847491
DIV2K_train_LR,0531,3287,0.24645249545574188,23.73423267424262,0.6664677858352661,0.004232302799227377
DIV2K_train_LR,0532,3437,0.3397226631641388,29.46738455457367,0.8471373915672302,0.0011304765109089946
DIV2K_train_LR,0533,3587,0.19470347464084625,23.647662906496954,0.8186329007148743,0.004317513523043816
DIV2K_train_LR,0534,3287,0.2989545166492462,24.517786357853563,0.67242431640625,0.0035336323616292193
DIV2K_train_LR,0535,3437,0.28626754879951477,20.464649917283452,0.6427050232887268,0.008985350150559599
DIV2K_train_LR,0536,3437,0.23559071123600006,21.010383684195975,0.6192901134490967,0.007924313147654726
DIV2K_train_LR,0537,2537,0.34869036078453064,19.97442457805073,0.5267560482025146,0.010059063264514551
DIV2K_train_LR,0538,3587,0.18161505460739136,29.191013521081036,0.9001298546791077,0.001204754749739228
DIV2K_train_LR,0539,2537,0.280021995306015,24.483518842532632,0.7812051177024841,0.0035616243761836548
DIV2K_train_LR,0540,3137,0.27431875467300415,24.398992622874438,0.7301543354988098,0.003631622818875061
DIV2K_train_LR,0541,2987,0.3204517960548401,22.15170741497247,0.6345046162605286,0.0060929730494903465
DIV2K_train_LR,0542,2687,0.26504525542259216,19.64447906417075,0.4238576889038086,0.010853057225675979
DIV2K_train_LR,0543,3137,0.41044190526008606,25.625592997718854,0.8448440432548523,0.0027380457361039293
DIV2K_train_LR,0544,3587,0.17462998628616333,30.987793498299204,0.8353886604309082,0.0007965639532162378
DIV2K_train_LR,0545,2687,0.002794921165332198,19.577432989875,0.3980161249637604,0.011021905924203877
DIV2K_train_LR,0546,3437,0.29687097668647766,23.02744903378873,0.7317078709602356,0.00498029529594309
DIV2K_train_LR,0547,3437,0.3546622693538666,23.65573128596649,0.6916684508323669,0.004309499859641468
DIV2K_train_LR,0548,2987,0.41165223717689514,25.403438812901836,0.7928759455680847,0.002881748778903485
DIV2K_train_LR,0549,3137,0.22430692613124847,21.003462132655997,0.44773757457733154,0.007936952573952688
DIV2K_train_LR,0550,3437,0.23195330798625946,24.128190237804304,0.7317997813224792,0.0038652801369623738
DIV2K_train_LR,0551,3287,0.1706467717885971,25.661974273171815,0.7787055373191833,0.0027152046692727775
DIV2K_train_LR,0552,3137,0.110444076359272,31.742376100743922,0.9206772446632385,0.0006695182023696577
DIV2K_train_LR,0553,2537,0.24113847315311432,21.68707761390671,0.5588808655738831,0.006780976465284729
DIV2K_train_LR,0554,3137,0.2857939600944519,22.749412968155216,0.6315488219261169,0.005309562070505989
DIV2K_train_LR,0555,2837,0.2470843344926834,21.69574993143619,0.5756499171257019,0.0067674492216197564
DIV2K_train_LR,0556,3437,0.23429559171199799,22.949566712656605,0.6806550621986389,0.005070412895225477
DIV2K_train_LR,0557,3437,0.3023141324520111,24.74356637778508,0.708462655544281,0.0033546202310371235
DIV2K_train_LR,0558,2837,0.257882684469223,22.3750534994288,0.7267253994941711,0.005787548552647043
DIV2K_train_LR,0559,3437,0.2314387708902359,23.454942858723562,0.5992398262023926,0.0045134196345627525
DIV2K_train_LR,0560,3287,0.30094829201698303,27.727588619656895,0.8230419158935547,0.0016874897261488497
DIV2K_train_LR,0561,2237,0.29403650760650635,15.7644287614988,0.48957327008247375,0.026518998569710683
DIV2K_train_LR,0562,3287,0.16460610926151276,17.505037312363818,0.607610821723938,0.017762179931706742
DIV2K_train_LR,0563,3587,0.320380300283432,20.890782433667137,0.7160382270812988,0.008145575144311221
DIV2K_train_LR,0564,3137,0.2997165620326996,26.61088471796067,0.8265297412872314,0.0021822852923669474
DIV2K_train_LR,0565,3287,0.16959285736083984,26.60928024031003,0.9160628318786621,0.0021830916759586626
DIV2K_train_LR,0566,3437,0.25809189677238464,20.650936630313378,0.5151720643043518,0.008608080810361197
DIV2K_train_LR,0567,3437,0.2918967008590698,22.96690582999982,0.6813436150550842,0.005050209753814836
DIV2K_train_LR,0568,3287,0.27586257457733154,23.156097229040135,0.7030251026153564,0.004834930940329352
DIV2K_train_LR,0569,2687,0.15916143357753754,21.946206658210304,0.6758565306663513,0.006388212166322054
DIV2K_train_LR,0570,3287,0.22080928087234497,26.915866764289454,0.8035817742347717,0.002034292147589735
DIV2K_train_LR,0571,2837,0.28209245204925537,22.97111789684896,0.710530698299408,0.005045314100593932
DIV2K_train_LR,0572,3587,0.24326486885547638,21.84188995944044,0.5808785557746887,0.006543513498844586
DIV2K_train_LR,0573,3137,0.19910268485546112,26.155780123014708,0.8010304570198059,0.0024233826104240403
DIV2K_train_LR,0574,3587,0.22162550687789917,20.415914600747172,0.567265510559082,0.009086749121021871
DIV2K_train_LR,0575,3287,0.1986810714006424,23.574655555521883,0.5392430424690247,0.0043907068597308415
DIV2K_train_LR,0576,3587,0.3065214455127716,25.386923978003612,0.6849626898765564,0.002892728017206533
DIV2K_train_LR,0577,2687,0.17806030809879303,22.05093656422557,0.5395014882087708,0.006236003377708105
DIV2K_train_LR,0578,3137,0.274900883436203,28.569446407238466,0.8731943964958191,0.0013901298140011017
DIV2K_train_LR,0579,3137,0.3087817132472992,17.436805717484713,0.35028406977653503,0.01804344358989247
DIV2K_train_LR,0580,2837,0.23270396888256073,23.035511565805493,0.7047719359397888,0.004971058141058461
DIV2K_train_LR,0581,3587,0.20354051887989044,26.24351742335092,0.791357696056366,0.002374916020704206
DIV2K_train_LR,0582,3137,0.27214518189430237,20.02972533216495,0.4943936765193939,0.009931788556536567
DIV2K_train_LR,0583,3287,0.21505242586135864,22.473402443072253,0.6073814034461975,0.005657958444036612
DIV2K_train_LR,0584,3287,0.2615094482898712,22.785736318677273,0.60319584608078,0.005265339338507355
DIV2K_train_LR,0585,2987,0.26797086000442505,18.530969108847284,0.5512831807136536,0.014025006999528262
DIV2K_train_LR,0586,2987,0.3149489462375641,23.28954932535021,0.7202284336090088,0.0046886203306398325
DIV2K_train_LR,0587,3137,0.17116107046604156,27.40117304106841,0.8364086747169495,0.0018192094123598798
DIV2K_train_LR,0588,2387,0.22520624101161957,17.574089220153628,0.3014826476573944,0.017481998430764076
DIV2K_train_LR,0589,2987,0.33246466517448425,22.977175640306854,0.5718138813972473,0.005038281568947625
DIV2K_train_LR,0590,3437,0.295378714799881,26.198171296341762,0.8319597840309143,0.002399843202205343
DIV2K_train_LR,0591,3437,0.16776449978351593,23.349517144242,0.5391535758972168,0.0046243243181685505
DIV2K_train_LR,0592,2987,0.29362863302230835,22.387846190684257,0.610718309879303,0.00577052570889543
DIV2K_train_LR,0593,3137,0.30144909024238586,20.803007889922224,0.6605414748191833,0.008311878918699478
DIV2K_train_LR,0594,2987,0.24628852307796478,24.243550363763937,0.5677585601806641,0.003763959684650022
DIV2K_train_LR,0595,2987,0.24244409799575806,25.661602882067672,0.7043731808662415,0.002715436874980518
DIV2K_train_LR,0596,3437,0.27530887722969055,24.752897521923867,0.7380040287971497,0.00334742031169307
DIV2K_train_LR,0597,3587,0.3413645923137665,28.467598265443442,0.7945471405982971,0.00142311558002289
DIV2K_train_LR,0598,3587,0.22594761848449707,30.160815430912645,0.8829419612884521,0.0009636480704809214
DIV2K_train_LR,0599,3587,0.18947060406208038,32.668891358116085,0.8900073170661926,0.0005408923809038135
DIV2K_train_LR,0600,3587,0.2549853026866913,22.799158336882797,0.7568708062171936,0.0052490917578211825
DIV2K_train_LR,0601,2837,0.27917805314064026,23.18813697273334,0.7129487991333008,0.004799392868554789
DIV2K_train_LR,0602,3587,0.27856484055519104,21.345423446815136,0.6524481773376465,0.007335971798626039
DIV2K_train_LR,0603,3587,0.3115256130695343,23.80454209892911,0.7121963500976562,0.004164336236774521
DIV2K_train_LR,0604,958,0.21821822226047516,16.661056870289286,0.3041224777698517,0.021572193708519198
DIV2K_train_LR,0605,3587,0.3046332597732544,23.161754517734256,0.7428343892097473,0.004828636870603166
DIV2K_train_LR,0606,2687,0.21314655244350433,20.802934730210346,0.47925105690956116,0.008312018986631944
DIV2K_train_LR,0607,3287,0.3327339291572571,19.417920819230734,0.5795764327049255,0.011434256106402422
DIV2K_train_LR,0608,2987,0.3125481903553009,22.29329779375717,0.6718931794166565,0.0058975308128493605
DIV2K_train_LR,0609,3287,0.24915474653244019,24.814891771719868,0.6649364829063416,0.0032999763102491563
DIV2K_train_LR,0610,3287,0.32249704003334045,30.237689500792552,0.9292874932289124,0.000946740701374971
DIV2K_train_LR,0611,3437,0.29096153378486633,22.277623259484038,0.6708694100379944,0.0059188546109487355
DIV2K_train_LR,0612,3587,0.2642980217933655,22.35254538830037,0.6185758113861084,0.005817621473724854
DIV2K_train_LR,0613,3587,0.20716094970703125,21.803416599249914,0.5594341158866882,0.006601738825310278
DIV2K_train_LR,0614,3437,0.28852957487106323,22.63718614612127,0.7517886757850647,0.005448555554715112
DIV2K_train_LR,0615,3587,0.33471810817718506,23.426297665811514,0.7658317685127258,0.004543287627565277
DIV2K_train_LR,0616,3287,0.17194224894046783,25.724834938436455,0.6993029713630676,0.002676187297126908
DIV2K_train_LR,0617,3287,0.2985404431819916,20.233804818969546,0.5923205018043518,0.009475879215126774
DIV2K_train_LR,0618,3437,0.17936421930789948,30.660218382405233,0.9056842923164368,0.0008589703243523005
DIV2K_train_LR,0619,3437,0.30677345395088196,23.882811371924305,0.7530494332313538,0.004089958119863121
DIV2K_train_LR,0620,3437,0.35529419779777527,23.921233649615438,0.7145634293556213,0.0040539336218613905
DIV2K_train_LR,0621,3587,0.3276173174381256,20.02410441305085,0.569770336151123,0.009944651228958726
DIV2K_train_LR,0622,3437,0.15800656378269196,26.65543897549321,0.8281860947608948,0.002160011689942501
DIV2K_train_LR,0623,2987,0.25990697741508484,20.10824857376582,0.5514771938323975,0.009753829082500371
DIV2K_train_LR,0624,2987,0.22593121230602264,24.842438963551423,0.7033745646476746,0.003279110883065622
DIV2K_train_LR,0625,2087,0.3142918348312378,15.418562277378191,0.5035383105278015,0.028717310845109575
DIV2K_train_LR,0626,3587,0.16733793914318085,26.84981568899669,0.7701596617698669,0.0020654678079764233
DIV2K_train_LR,0627,3437,0.4282184839248657,21.582493287815755,0.5981015563011169,0.006946254164950182
DIV2K_train_LR,0628,2687,0.19407488405704498,21.080496748124602,0.39590251445770264,0.0077974091706470485
DIV2K_train_LR,0629,3137,0.12471609562635422,26.535107106896618,0.7936338782310486,0.002220696907359562
DIV2K_train_LR,0630,2837,0.22605293989181519,25.096325304206168,0.6285580992698669,0.0030929113279564327
DIV2K_train_LR,0631,3437,0.2643057107925415,26.898114736425217,0.8463118672370911,0.002042624446226094
DIV2K_train_LR,0632,3587,0.10540971904993057,28.218498551588887,0.5996603965759277,0.0015071280222944475
DIV2K_train_LR,0633,2987,0.2919864356517792,25.26407120546388,0.8648958206176758,0.0029757255679499182
DIV2K_train_LR,0634,3287,0.2951103448867798,22.110404451764424,0.6467991471290588,0.0061511958257037015
DIV2K_train_LR,0635,3437,0.29834505915641785,22.142597118558225,0.7417721748352051,0.006105767814303675
DIV2K_train_LR,0636,3287,0.33465707302093506,20.332754215932162,0.6057334542274475,0.00926242225959066
DIV2K_train_LR,0637,3437,0.17458347976207733,35.040742732271255,0.912529468536377,0.00031327499136757245
DIV2K_train_LR,0638,1787,0.326587438583374,16.882646538127943,0.6171066164970398,0.02049912589956185
DIV2K_train_LR,0639,2687,0.2790951132774353,18.641608230494008,0.4624321460723877,0.01367222432500751
DIV2K_train_LR,0640,3587,0.2513176500797272,19.565510693810115,0.5476709604263306,0.011052204894384899
DIV2K_train_LR,0641,3137,0.26877209544181824,19.98863962187467,0.5455558896064758,0.01002619241659795
DIV2K_train_LR,0642,3437,0.1564638614654541,25.563271354787325,0.6867880821228027,0.002777620215834895
DIV2K_train_LR,0643,2087,0.2901524603366852,18.750446298330907,0.6174764037132263,0.013333844010916411
DIV2K_train_LR,0644,3287,0.1951242834329605,26.45812800664271,0.7567487359046936,0.0022604098919024175
DIV2K_train_LR,0645,2987,0.2648826539516449,23.280063571000223,0.7719952464103699,0.004698872290796908
DIV2K_train_LR,0646,3437,0.2882014513015747,31.34171917300506,0.9013032913208008,0.0007342231634360323
DIV2K_train_LR,0647,3137,0.2340371459722519,23.518315796340605,0.784678041934967,0.004448037287290391
DIV2K_train_LR,0648,3437,0.21249498426914215,23.273090776212143,0.6485514044761658,0.004706422596518824
DIV2K_train_LR,0649,3587,0.27943214774131775,23.78937217119423,0.7097207903862,0.00417890773709651
DIV2K_train_LR,0650,3437,0.21714752912521362,23.161807755072132,0.7605667114257812,0.004828577679926085
DIV2K_train_LR,0651,2387,0.12940548360347748,25.368095589253137,0.6718443036079407,0.002905296364388708
DIV2K_train_LR,0652,3287,0.24689239263534546,25.24122306984101,0.7026969790458679,0.002991422065023985
DIV2K_train_LR,0653,3587,0.21293027698993683,19.70848005293413,0.44905343651771545,0.010694290909115077
DIV2K_train_LR,0654,3287,0.2610856592655182,26.177306066069505,0.780459463596344,0.00241140075283427
DIV2K_train_LR,0655,3137,0.21400833129882812,25.29385943026353,0.6932335495948792,0.002955384939738623
DIV2K_train_LR,0656,3287,0.310235857963562,22.768566101788352,0.7610257267951965,0.005286197536642541
DIV2K_train_LR,0657,3287,0.31993770599365234,20.85953064965791,0.5888087749481201,0.008204402033016353
DIV2K_train_LR,0658,3587,0.2897172272205353,21.229712779058584,0.7139962315559387,0.007534053850029611
DIV2K_train_LR,0659,2837,0.23804084956645966,19.998126775693102,0.4131055772304535,0.010004314159920534
DIV2K_train_LR,0660,3587,0.29899972677230835,26.316332188088904,0.7840373516082764,0.002335429601426564
DIV2K_train_LR,0661,3437,0.25321242213249207,26.374346188605045,0.6845858693122864,0.002304439869493859
DIV2K_train_LR,0662,3587,0.10673125833272934,28.81633239305628,0.7836310267448425,0.0013133085131253857
DIV2K_train_LR,0663,3587,0.25342151522636414,21.734331732167117,0.6772039532661438,0.006707594870757478
DIV2K_train_LR,0664,3287,0.10550317913293839,27.70494595772969,0.7039797902107239,0.0016963107087786707
DIV2K_train_LR,0665,3437,0.24858854711055756,26.790220977551726,0.6898068785667419,0.0020940059018494626
DIV2K_train_LR,0666,3587,0.12251001596450806,29.79730490702675,0.9108543395996094,0.00104777856277882
DIV2K_train_LR,0667,3137,0.3047979772090912,22.56743740384112,0.6174039244651794,0.005536767139773323
DIV2K_train_LR,0668,3437,0.28582194447517395,22.433349807461486,0.6429895758628845,0.005710380118489907
DIV2K_train_LR,0669,3587,0.2844969630241394,25.73285536443801,0.7640330791473389,0.002671249556881395
DIV2K_train_LR,0670,3437,0.22427554428577423,26.344760657889804,0.8268458247184753,0.0023201920469441517
DIV2K_train_LR,0671,1937,0.2469780594110489,17.405951956763264,0.3635826110839844,0.018172086818128253
DIV2K_train_LR,0672,3287,0.37413933873176575,20.820284426906444,0.6783376336097717,0.00827887936121434
DIV2K_train_LR,0673,3587,0.3459666073322296,22.328543685150173,0.7196272015571594,0.005849862108290441
DIV2K_train_LR,0674,2387,0.2609291672706604,23.628197608974425,0.7698388695716858,0.004336908287387419
DIV2K_train_LR,0675,3587,0.2019837498664856,24.586409990144176,0.7303493618965149,0.0034782356334478997
DIV2K_train_LR,0676,3287,0.27965885400772095,22.27024301567411,0.6165021061897278,0.005928921465883742
DIV2K_train_LR,0677,3287,0.1589576154947281,25.317598076742595,0.8357910513877869,0.00293927480347608
DIV2K_train_LR,0678,2987,0.26240476965904236,23.438289026156816,0.5226560235023499,0.00453076040857871
DIV2K_train_LR,0679,3587,0.22844107449054718,24.33233815014349,0.7430961728096008,0.0036877900068017994
DIV2K_train_LR,0680,3437,0.31772229075431824,23.70140958737103,0.6867742538452148,0.004264410854723343
DIV2K_train_LR,0681,2987,0.2624933421611786,22.079254492509733,0.5674445629119873,0.006195474149234608
DIV2K_train_LR,0682,3437,0.31189242005348206,22.57246565001921,0.5572646260261536,0.005530360400849076
DIV2K_train_LR,0683,3587,0.23890680074691772,25.811023480139234,0.7558670043945312,0.0026236001766600727
DIV2K_train_LR,0684,3137,0.25443410873413086,21.373880029555217,0.5650877952575684,0.007288060955934628
DIV2K_train_LR,0685,3287,0.2246381640434265,24.3090795073887,0.7324522137641907,0.00370759295473157
DIV2K_train_LR,0686,2537,0.31811389327049255,19.202074984029057,0.48320135474205017,0.012016901444787184
DIV2K_train_LR,0687,3437,0.2502642273902893,23.481479716707135,0.7239274978637695,0.004485925192623005
DIV2K_train_LR,0688,3437,0.2219325453042984,29.75314657259627,0.857294499874115,0.0010584865453237282
DIV2K_train_LR,0689,2987,0.1369955688714981,26.91836818659118,0.8384401202201843,0.0020331207839241762
DIV2K_train_LR,0690,3287,0.20769761502742767,25.307799009327265,0.7365652918815613,0.0029459142266266354
DIV2K_train_LR,0691,3287,0.34482577443122864,24.99458541662812,0.7278745770454407,0.0031662226909392175
DIV2K_train_LR,0692,3437,0.24470514059066772,26.46039471941821,0.7828729748725891,0.0022592304192734234
DIV2K_train_LR,0693,3587,0.18553806841373444,23.246216451620825,0.6922040581703186,0.004735636449154951
DIV2K_train_LR,0694,2837,0.25211673974990845,24.594461624007153,0.6494846940040588,0.0034717931119015175
DIV2K_train_LR,0695,3587,0.28399714827537537,27.786603630345482,0.8480877876281738,0.0016647140115340138
DIV2K_train_LR,0696,3287,0.23852701485157013,31.8947600275475,0.8783376812934875,0.0006464337119336558
DIV2K_train_LR,0697,3137,0.30504366755485535,23.228384376616322,0.6539610028266907,0.004755120877459417
DIV2K_train_LR,0698,3287,0.21399986743927002,31.67186135620873,0.9153411388397217,0.0006804776460444941
DIV2K_train_LR,0699,2687,0.25313109159469604,25.399245774204932,0.7523066997528076,0.002884532404966982
DIV2K_train_LR,0700,1337,0.35615265369415283,15.642082749355236,0.41029903292655945,0.027276693436534518
DIV2K_train_LR,0701,2087,0.3298807442188263,17.232396890374034,0.5016303062438965,0.018912994977020158
DIV2K_train_LR,0702,3587,0.22431381046772003,30.672235556414766,0.8784914016723633,0.0008565967932124491
DIV2K_train_LR,0703,3587,0.29961922764778137,23.173783800269266,0.6692460179328918,0.004815280807408595
DIV2K_train_LR,0704,2987,0.18477599322795868,27.957334263479243,0.8518359065055847,0.001600540149985691
DIV2K_train_LR,0705,3587,0.1953972429037094,25.876737439216782,0.7460115551948547,0.002584200792039734
DIV2K_train_LR,0706,3587,0.29994553327560425,20.776827302649302,0.5304433107376099,0.008362136798639223
DIV2K_train_LR,0707,3437,0.25603580474853516,23.508181549895202,0.8063883781433105,0.004458428872606164
DIV2K_train_LR,0708,3137,0.19723336398601532,25.939779908312623,0.7687377333641052,0.0025469593190097046
DIV2K_train_LR,0709,3437,0.19785986840724945,26.61591125386263,0.7815120220184326,0.002179760979588947
DIV2K_train_LR,0710,2537,0.40204474329948425,22.45711066827193,0.5449819564819336,0.005679223133376091
DIV2K_train_LR,0711,2537,0.3920392692089081,21.99569971410469,0.6670090556144714,0.006315824105239018
DIV2K_train_LR,0712,3287,0.25982946157455444,21.033322463054745,0.5700930953025818,0.007882568485232624
DIV2K_train_LR,0713,3437,0.15857428312301636,24.866631824658043,0.7782508730888367,0.003260895005602638
DIV2K_train_LR,0714,3287,0.21941132843494415,23.690234202149828,0.714261531829834,0.004275398287140543
DIV2K_train_LR,0715,3587,0.25111690163612366,22.83133607844716,0.6009984612464905,0.005210343918942749
DIV2K_train_LR,0716,3287,0.0023504530545324087,24.86475075629796,0.7685458064079285,0.0032623077215484316
DIV2K_train_LR,0717,3437,0.2752230763435364,25.17522486756526,0.7206791043281555,0.0030372288205907034
DIV2K_train_LR,0718,3287,0.14940530061721802,25.674973717415956,0.8349175453186035,0.002707089573300134
DIV2K_train_LR,0719,3287,0.3181547224521637,19.000949391223937,0.5688512921333313,0.012586502278401331
DIV2K_train_LR,0720,3437,0.2638133764266968,23.964418094238336,0.786432683467865,0.004013822738949948
DIV2K_train_LR,0721,3587,0.27103227376937866,25.020386929386774,0.6858133673667908,0.0031474678713668204
DIV2K_train_LR,0722,3137,0.12675099074840546,27.822283162512605,0.806800365447998,0.0016510935603105963
DIV2K_train_LR,0723,3437,0.2760625183582306,24.58136140108216,0.6927399635314941,0.0034822813675701838
DIV2K_train_LR,0724,3287,0.2599664628505707,23.86761920988482,0.6979075074195862,0.004104290366571947
DIV2K_train_LR,0725,3137,0.2132422775030136,24.491911458872977,0.5588560700416565,0.0035547482777969026
DIV2K_train_LR,0726,3137,0.17580623924732208,28.89122425690438,0.7796624302864075,0.001290855334476686
DIV2K_train_LR,0727,3587,0.28062203526496887,30.777222559926173,0.913830578327179,0.000836137580086492
DIV2K_train_LR,0728,2687,0.2600875794887543,23.86040997894176,0.7306552529335022,0.004111109084248856
DIV2K_train_LR,0729,3137,0.2323424369096756,21.0861416165054,0.4632542133331299,0.007787280846664386
DIV2K_train_LR,0730,3137,0.29364916682243347,21.806057038771428,0.6055535078048706,0.006597726282894234
DIV2K_train_LR,0731,3587,0.22730988264083862,23.451107673799086,0.7429110407829285,0.004517407101073761
DIV2K_train_LR,0732,3287,0.30026671290397644,22.156128593876268,0.5639259815216064,0.006086773468134898
DIV2K_train_LR,0733,2687,0.2664125859737396,30.816569443027664,0.8668797612190247,0.0008285964254414297
DIV2K_train_LR,0734,2837,0.28668180108070374,23.924980985806897,0.7807219624519348,0.004050437165039712
DIV2K_train_LR,0735,3587,0.21314303576946259,29.151562958032823,0.8076527714729309,0.001215748391574222
DIV2K_train_LR,0736,3437,0.2193705290555954,29.31472048922717,0.7580855488777161,0.0011709219563879772
DIV2K_train_LR,0737,2837,0.28619158267974854,26.055807831930174,0.8224814534187317,0.002479814619125725
DIV2K_train_LR,0738,3287,0.2765190303325653,27.71923942719946,0.8133986592292786,0.0016907369990832094
DIV2K_train_LR,0739,3287,0.27261945605278015,21.939067223041867,0.5511605143547058,0.006398722505234047
DIV2K_train_LR,0740,2687,0.23184847831726074,24.143486314221512,0.6203540563583374,0.0038516903742001913
DIV2K_train_LR,0741,3587,0.24374477565288544,28.82470438262132,0.8042094707489014,0.001310779260657211
DIV2K_train_LR,0742,2837,0.2179347723722458,20.3139100870999,0.6388807892799377,0.009302699429917008
DIV2K_train_LR,0743,3437,0.1826564222574234,26.237293007993706,0.471109002828598,0.0023783222484330593
DIV2K_train_LR,0744,3587,0.23702849447727203,26.954186385952706,0.7426382899284363,0.0020164216881835323
DIV2K_train_LR,0745,3437,0.2601357400417328,24.88638174304635,0.6005069613456726,0.003246099480109662
DIV2K_train_LR,0746,2237,0.22090695798397064,27.500408631516713,0.8033445477485657,0.0017781120899825855
DIV2K_train_LR,0747,2087,0.17384256422519684,22.770874453682517,0.7215126156806946,0.005283388589168615
DIV2K_train_LR,0748,2387,0.28858479857444763,19.74925829129033,0.5264294147491455,0.010594346397041106
DIV2K_train_LR,0749,3437,0.20075654983520508,25.657952377855317,0.8277502655982971,0.002717720311849926
DIV2K_train_LR,0750,3587,0.23067522048950195,26.745313719422622,0.7808640003204346,0.002115770839996017
DIV2K_train_LR,0751,3437,0.18722987174987793,23.094739047495054,0.6915712952613831,0.004903724849724465
DIV2K_train_LR,0752,3287,0.25766485929489136,21.57296389374911,0.6338599324226379,0.006961512540948346
DIV2K_train_LR,0753,3437,0.237562358379364,24.486244629862888,0.6651526093482971,0.0035593896748262245
DIV2K_train_LR,0754,3287,0.2506730854511261,23.89958024586705,0.7443687915802002,0.004074196527302843
DIV2K_train_LR,0755,3587,0.23716799914836884,24.977721646462754,0.7165568470954895,0.003178541117192249
DIV2K_train_LR,0756,3587,0.26302263140678406,22.381409859270498,0.644000232219696,0.005779084064710603
DIV2K_train_LR,0757,2387,0.21021364629268646,24.821228482383553,0.6875074505805969,0.0032951648830525132
DIV2K_train_LR,0758,3437,0.2870611250400543,20.87357110511298,0.5430369973182678,0.008177920572122561
DIV2K_train_LR,0759,3137,0.2855040431022644,23.48634655356095,0.6289807558059692,0.004480900939900674
DIV2K_train_LR,0760,3137,0.2624872326850891,20.104673002292145,0.5677713751792908,0.00976186277721891
DIV2K_train_LR,0761,3437,0.24184860289096832,23.155632893618808,0.6403619647026062,0.004835447917696746
DIV2K_train_LR,0762,2087,0.35025155544281006,20.893904382338526,0.6996273994445801,0.008139721761454922
DIV2K_train_LR,0763,3287,0.2432926893234253,31.883309636988315,0.9197816252708435,0.0006481403142785959
DIV2K_train_LR,0764,3587,0.3327961266040802,34.71693252897737,0.9474528431892395,0.00033752562230506667
DIV2K_train_LR,0765,3437,0.20792175829410553,25.308212284937056,0.6797628998756409,0.002945633902224862
DIV2K_train_LR,0766,2537,0.2619189918041229,17.060776156228584,0.388185977935791,0.01967534619099336
DIV2K_train_LR,0767,3587,0.19639050960540771,30.396523386219954,0.8453116416931152,0.0009127412144404979
DIV2K_train_LR,0768,3437,0.1356567144393921,35.10149370972427,0.9201801419258118,0.00030892327397984425
DIV2K_train_LR,0769,1937,0.22518594563007355,19.351500479743464,0.36030903458595276,0.01161047401351248
DIV2K_train_LR,0770,2537,0.30046042799949646,17.90214221296567,0.49574699997901917,0.016210103101242573
DIV2K_train_LR,0771,3587,0.2536727488040924,24.43442039578771,0.708750307559967,0.003602118197088997
DIV2K_train_LR,0772,2537,0.22750496864318848,20.37162545014478,0.4596830904483795,0.009179889500750004
DIV2K_train_LR,0773,3137,0.2973191738128662,22.310696275739126,0.7201995849609375,0.005873951709837823
DIV2K_train_LR,0774,3287,0.25976240634918213,24.379890739487976,0.7376432418823242,0.00364763122292918
DIV2K_train_LR,0775,2987,0.23139065504074097,22.98311937772806,0.593872606754303,0.005031390922709849
DIV2K_train_LR,0776,3587,0.21923141181468964,20.928050564005716,0.5913156270980835,0.008075974554178071
DIV2K_train_LR,0777,2987,0.1546645611524582,28.484126472522824,0.8360967636108398,0.0014177098351675671
DIV2K_train_LR,0778,3587,0.26953205466270447,20.520589807531824,0.5842224359512329,0.008870355340946177
DIV2K_train_LR,0779,2987,0.3761562407016754,27.34625794700313,0.8108356595039368,0.001842358762477555
DIV2K_train_LR,0780,3287,0.19535748660564423,23.86598263689699,0.7460682392120361,0.004105837291001843
DIV2K_train_LR,0781,3587,0.1678221970796585,29.795332339931,0.7650339007377625,0.0010482545726803291
DIV2K_train_LR,0782,3587,0.19756437838077545,22.550948934960303,0.7648678421974182,0.0055578280398279915
DIV2K_train_LR,0783,3437,0.22522716224193573,27.213636325528764,0.7656993269920349,0.0018994871824330646
DIV2K_train_LR,0784,3587,0.27010130882263184,25.49183695892543,0.71897292137146,0.0028236853643980346
DIV2K_train_LR,0785,3437,0.2012583464384079,21.206927658395195,0.611044704914093,0.007573684904372991
DIV2K_train_LR,0786,2387,0.21498166024684906,17.606755540861627,0.4995802342891693,0.017350997346022076
DIV2K_train_LR,0787,3287,0.18547667562961578,21.50363076995569,0.4612809419631958,0.007073541757774382
DIV2K_train_LR,0788,3287,0.18181221187114716,25.668140774672665,0.6582618355751038,0.0027113521139243836
DIV2K_train_LR,0789,3587,0.23322415351867676,25.45475096927937,0.623319685459137,0.0028479010953076198
DIV2K_train_LR,0790,3587,0.30646130442619324,27.30737069845341,0.8399713039398193,0.0018589295408164986
DIV2K_train_LR,0791,3437,0.26743802428245544,24.211736691489225,0.7663660645484924,0.0037916333000234457
DIV2K_train_LR,0792,3587,0.2763430178165436,23.546453313945356,0.700009822845459,0.004419312032500211
DIV2K_train_LR,0793,3437,0.2787860333919525,25.877506972582637,0.7931645512580872,0.002583742932492155
DIV2K_train_LR,0794,3437,0.25327518582344055,23.303870331523804,0.675442636013031,0.004673184898465682
DIV2K_train_LR,0795,1787,0.3086271584033966,22.07586571145738,0.7327708601951599,0.006200310332093964
DIV2K_train_LR,0796,3587,0.14514124393463135,27.095396824946786,0.7329158782958984,0.001951912374074503
DIV2K_train_LR,0797,3137,0.1776992827653885,21.581637432767007,0.44053468108177185,0.006947623176628401
DIV2K_train_LR,0798,3587,0.23167122900485992,23.136092729926347,0.6321848034858704,0.004857253011737666
DIV2K_train_LR,0799,3587,0.16628344357013702,32.359870539258104,0.9434726238250732,0.0005807817290580037
DIV2K_train_LR,0800,3287,0.2716335356235504,22.235730352511325,0.6936333179473877,0.005976225298963806
DIV2K_train_LR_mild,0001,2837,0.17554111778736115,22.074073961772292,0.48708757758140564,0.006202868912520993
DIV2K_train_LR_mild,0002,3287,0.184559166431427,20.28489603568131,0.4544115364551544,0.009365056352290582
DIV2K_train_LR_mild,0003,2537,0.2114020586013794,17.749647132256513,0.4243822991847992,0.01678940425871188
DIV2K_train_LR_mild,0004,2837,0.258082777261734,19.910602492316734,0.7038619518280029,0.010207978562301033
DIV2K_train_LR_mild,0005,1937,0.2088179737329483,18.159998668663736,0.4650307893753052,0.015275665207890062
DIV2K_train_LR_mild,0006,2087,0.1811566948890686,21.41936957237068,0.7259788513183594,0.007212121582279737
DIV2K_train_LR_mild,0007,3137,0.21287886798381805,19.298203193470734,0.34880614280700684,0.011753837439880663
DIV2K_train_LR_mild,0008,3437,0.22809989750385284,18.75757751880043,0.5180349946022034,0.013311967465383533
DIV2K_train_LR_mild,0009,2987,0.2760263681411743,15.067891293539526,0.44168663024902344,0.031132275761508753
DIV2K_train_LR_mild,0010,3287,0.1831953525543213,20.943457105356053,0.6009646058082581,0.008047375918945393
DIV2K_train_LR_mild,0011,2837,0.17590057849884033,19.72343442915934,0.5367197394371033,0.010657529820839336
DIV2K_train_LR_mild,0012,855,0.22691184282302856,14.28310775271568,0.4116041660308838,0.037298315811519274
DIV2K_train_LR_mild,0013,3437,0.12251908332109451,22.911466188147696,0.8675591349601746,0.005115091185150526
DIV2K_train_LR_mild,0014,958,0.18151962757110596,16.401416785044777,0.41510066390037537,0.02290120420910936
DIV2K_train_LR_mild,0015,762,0.19692587852478027,16.828299785981795,0.44497978687286377,0.02075725972431368
DIV2K_train_LR_mild,0016,855,0.25965389609336853,21.100498520013954,0.5794883966445923,0.0077615801729451145
DIV2K_train_LR_mild,0017,2987,0.3089493215084076,22.574623414868427,0.591733992099762,0.005527613359710356
DIV2K_train_LR_mild,0018,533,0.28388139605522156,15.998503704021996,0.4759293496608734,0.025127519960214995
DIV2K_train_LR_mild,0019,1787,0.24897873401641846,16.130517975170985,0.33246493339538574,0.02437520053656133
DIV2K_train_LR_mild,0020,1937,0.21090464293956757,24.148238558097642,0.7460479736328125,0.0038474779845898903
DIV2K_train_LR_mild,0021,958,0.25078508257865906,18.251487291025107,0.5363084673881531,0.01495723335750769
DIV2K_train_LR_mild,0022,3437,0.876375675201416,16.543003038462874,0.34628763794898987,0.02216663117694778
DIV2K_train_LR_mild,0023,1787,0.14818625152111053,25.372223108168566,0.8515183329582214,0.0029025364941118337
DIV2K_train_LR_mild,0024,1787,0.2528465986251831,20.149413974056273,0.6060466170310974,0.009661812423541773
DIV2K_train_LR_mild,0025,1487,0.15774740278720856,21.84342968602831,0.5329943299293518,0.0065411940098230965
DIV2K_train_LR_mild,0026,2687,0.2256276160478592,15.678933587254315,0.31561174988746643,0.027046223968756174
DIV2K_train_LR_mild,0027,157,0.17683736979961395,19.04424908046297,0.6585288047790527,0.012461636820374409
DIV2K_train_LR_mild,0028,244,0.024086030200123787,14.966822294123878,0.5594233870506287,0.031865282199173346
DIV2K_train_LR_mild,0029,602,0.22001755237579346,14.818971895686854,0.20948588848114014,0.032968774812140285
DIV2K_train_LR_mild,0030,2987,0.25555986166000366,20.67376639158459,0.5644010901451111,0.008562949066082
DIV2K_train_LR_mild,0031,678,0.2356332540512085,15.380312141932702,0.3748815953731537,0.02897135344844836
DIV2K_train_LR_mild,0032,3437,0.2327382117509842,24.883231345406678,0.6850398182868958,0.0032484550777298754
DIV2K_train_LR_mild,0033,2087,0.29399797320365906,18.265019679988473,0.6188933849334717,0.014910699968392501
DIV2K_train_LR_mild,0034,2237,0.26370862126350403,17.27362290403307,0.4449348747730255,0.01873431027980087
DIV2K_train_LR_mild,0035,1787,0.2247862070798874,19.491412692323347,0.46639394760131836,0.011242392144069729
DIV2K_train_LR_mild,0036,2087,0.14814448356628418,22.495935092963105,0.7353389859199524,0.005628679095343611
DIV2K_train_LR_mild,0037,1072,0.18191176652908325,22.32198065826326,0.6976988911628723,0.005858709074612233
DIV2K_train_LR_mild,0038,280,0.16012294590473175,12.98247492303007,0.3142765164375305,0.050321375703545224
DIV2K_train_LR_mild,0039,3137,0.2213088423013687,21.16090326692572,0.5942007899284363,0.007654373902196619
DIV2K_train_LR_mild,0040,855,0.11922472715377808,23.409333420405165,0.7904613018035889,0.004561069153762333
DIV2K_train_LR_mild,0041,855,0.2791856825351715,16.946871379929714,0.5433869957923889,0.0201982088854051
DIV2K_train_LR_mild,0042,365,0.19227220118045807,16.53571610514472,0.4374237060546875,0.02220385524673267
DIV2K_train_LR_mild,0043,3437,0.31494006514549255,18.857733951425782,0.6673769354820251,0.013008481532894588
DIV2K_train_LR_mild,0044,2387,0.033970195800065994,18.879057427710247,0.5097447633743286,0.012944767533759893
DIV2K_train_LR_mild,0045,1072,0.2518515884876251,16.58020159634034,0.49907615780830383,0.021977578510993183
DIV2K_train_LR_mild,0046,1937,0.21211819350719452,21.761012429850553,0.5270010232925415,0.006666513389105838
DIV2K_train_LR_mild,0047,678,0.21774689853191376,15.603006435207575,0.553881824016571,0.02752322715055657
DIV2K_train_LR_mild,0048,1937,0.15476997196674347,20.84916808070368,0.7744143009185791,0.008224001685405935
DIV2K_train_LR_mild,0049,1787,0.19274909794330597,18.070422425700446,0.5690529346466064,0.015594008126920196
DIV2K_train_LR_mild,0050,958,0.25106775760650635,19.950935288840718,0.64141845703125,0.010113616233697071
DIV2K_train_LR_mild,0051,855,0.24841445684432983,18.413378991605356,0.46432793140411377,0.014409937567745949
DIV2K_train_LR_mild,0052,415,0.18957246840000153,15.589494057411146,0.23031741380691528,0.027608994622848732
DIV2K_train_LR_mild,0053,762,0.27051571011543274,19.560034443324888,0.5714502334594727,0.011066150048448983
DIV2K_train_LR_mild,0054,471,0.12255746871232986,17.390916202985473,0.19423402845859528,0.018235109611852804
DIV2K_train_LR_mild,0055,212,0.1535402536392212,20.47717178500738,0.7008901238441467,0.008959480282524461
DIV2K_train_LR_mild,0056,2687,0.19508807361125946,18.90697423141218,0.6215922236442566,0.012861824399091788
DIV2K_train_LR_mild,0057,2837,0.16435621678829193,23.911323389182613,0.7547547221183777,0.004063194947755923
DIV2K_train_LR_mild,0058,533,0.25079861283302307,17.665981761332826,0.658961296081543,0.017115982044278798
DIV2K_train_LR_mild,0059,3437,0.28686782717704773,21.67592992709643,0.6661459803581238,0.006798404587703058
DIV2K_train_LR_mild,0060,1072,0.2252059429883957,16.836534210857376,0.5609665513038635,0.02071794028538551
DIV2K_train_LR_mild,0061,114,0.10909733921289444,15.20292732403173,0.3647848069667816,0.030179168123850544
DIV2K_train_LR_mild,0062,1337,0.23459891974925995,20.66273283801729,0.5571267604827881,0.008584731461186297
DIV2K_train_LR_mild,0063,471,0.21996323764324188,13.643596464601321,0.11538126319646835,0.043215580596227404
DIV2K_train_LR_mild,0064,855,0.20276100933551788,22.464975339160333,0.7550172209739685,0.005668947895148314
DIV2K_train_LR_mild,0065,958,0.12452038377523422,16.923720471606575,0.2120984047651291,0.020306166755800412
DIV2K_train_LR_mild,0066,1198,0.21006888151168823,17.026848384065104,0.37353670597076416,0.019829655073192346
DIV2K_train_LR_mild,0067,1198,0.2183387130498886,22.848827264985378,0.684750497341156,0.005189401490959359
DIV2K_train_LR_mild,0068,1937,0.19786085188388824,20.920602779497553,0.728330135345459,0.008089836075406913
DIV2K_train_LR_mild,0069,762,0.27840641140937805,15.338402310888913,0.42649853229522705,0.029252283091947415
DIV2K_train_LR_mild,0070,1072,0.2466229647397995,14.139859229938779,0.3790309727191925,0.038549085059915264
DIV2K_train_LR_mild,0071,2537,0.18922007083892822,19.040572554710575,0.5059657692909241,0.012472190748649073
DIV2K_train_LR_mild,0072,2387,0.257237046957016,20.076832208986325,0.5260928273200989,0.009824642989612416
DIV2K_train_LR_mild,0073,678,0.2170953005552292,16.468374368563737,0.4503026306629181,0.022550831638513978
DIV2K_train_LR_mild,0074,1072,0.22410504519939423,15.627401046165357,0.42759785056114197,0.027369060859811882
DIV2K_train_LR_mild,0075,320,0.24079526960849762,14.253958327757967,0.21943175792694092,0.03754950071119206
DIV2K_train_LR_mild,0076,212,0.1777743548154831,20.414680597530506,0.47712650895118713,0.009089331417224584
DIV2K_train_LR_mild,0077,1487,0.16490007936954498,21.697860527219383,0.7820603847503662,0.006764161166550009
DIV2K_train_LR_mild,0078,1487,0.2242288589477539,17.122315687985243,0.2891975939273834,0.019398512559655554
DIV2K_train_LR_mild,0079,3437,0.2636556923389435,20.673762251628407,0.611280620098114,0.008562957226325819
DIV2K_train_LR_mild,0080,1637,0.12903888523578644,17.475567033408385,0.6122385859489441,0.01788312020871
DIV2K_train_LR_mild,0081,1487,0.18722182512283325,15.047350086987596,0.5423657894134521,0.03127987359581705
DIV2K_train_LR_mild,0082,1637,0.22172439098358154,15.512014010294408,0.39564380049705505,0.028105971288786665
DIV2K_train_LR_mild,0083,762,0.18552100658416748,20.91118058818198,0.47595739364624023,0.008107406352228126
DIV2K_train_LR_mild,0084,2537,0.2360156774520874,19.211470940244645,0.639777421951294,0.011990931056342817
DIV2K_train_LR_mild,0085,2837,0.294672429561615,20.30957546059147,0.775632381439209,0.009311988975494019
DIV2K_train_LR_mild,0086,2837,0.3066670596599579,16.542953640535593,0.5372448563575745,0.022166883337249924
DIV2K_train_LR_mild,0087,1337,0.20139391720294952,20.367924266600532,0.6532575488090515,0.009187716180167166
DIV2K_train_LR_mild,0088,212,0.260040283203125,13.378133298337412,0.37001490592956543,0.04593954279437758
DIV2K_train_LR_mild,0089,2987,0.23340938985347748,16.110758345520978,0.42813825607299805,0.024486356318425634
DIV2K_train_LR_mild,0090,1487,0.23930521309375763,19.769202478616755,0.6794835925102234,0.010545805363866791
DIV2K_train_LR_mild,0091,3287,0.2744003236293793,20.747132366697617,0.5949808955192566,0.00841950892616715
DIV2K_train_LR_mild,0092,3287,0.17438606917858124,21.31480230441074,0.628498375415802,0.007387878899231654
DIV2K_train_LR_mild,0093,2087,0.25429150462150574,17.1623244407013,0.35270774364471436,0.019220627183291428
DIV2K_train_LR_mild,0094,415,0.26187101006507874,13.934750438970305,0.3304762542247772,0.04041335947340685
DIV2K_train_LR_mild,0095,1637,0.29573968052864075,17.401341128706648,0.5646635293960571,0.018191390056714867
DIV2K_train_LR_mild,0096,3587,0.23420460522174835,19.77789999552559,0.5854321122169495,0.010524706645000331
DIV2K_train_LR_mild,0097,533,0.19807428121566772,16.172652037348488,0.4521898329257965,0.024139862617058826
DIV2K_train_LR_mild,0098,2837,0.22016139328479767,16.560005889755782,0.4323078691959381,0.0220800173407915
DIV2K_train_LR_mild,0099,1487,0.28408974409103394,12.546063597265956,0.37808987498283386,0.055640834958667035
DIV2K_train_LR_mild,0100,1072,0.29918715357780457,19.77797399090626,0.5841799378395081,0.010524527324454283
DIV2K_train_LR_mild,0101,855,0.18044202029705048,19.042733475993167,0.6451930403709412,0.012465986455319237
DIV2K_train_LR_mild,0102,1937,0.1843937188386917,17.504742827778582,0.3032959997653961,0.017763384469094055
DIV2K_train_LR_mild,0103,762,0.2136719822883606,19.392253010072697,0.5791598558425903,0.011502035345105665
DIV2K_train_LR_mild,0104,212,0.16711390018463135,15.886105999440879,0.3735140264034271,0.02578632181963657
DIV2K_train_LR_mild,0105,3137,0.19596906006336212,21.291847953054905,0.4882171154022217,0.007427030443176553
DIV2K_train_LR_mild,0106,2687,0.16142775118350983,20.548507808002142,0.5620641112327576,0.008813516411250876
DIV2K_train_LR_mild,0107,2237,0.2672751247882843,14.988798329299534,0.20382104814052582,0.031704445746702774
DIV2K_train_LR_mild,0108,2837,0.231145441532135,17.585911235794708,0.537776529788971,0.01743447502714471
DIV2K_train_LR_mild,0109,3287,0.2395113855600357,13.86030113149472,0.6747990250587463,0.041112121091568525
DIV2K_train_LR_mild,0110,3587,0.19415892660617828,21.240465734277663,0.7181822657585144,0.007515422944363896
DIV2K_train_LR_mild,0111,3137,0.22481729090213776,16.878397160760034,0.5701059699058533,0.020519193317012952
DIV2K_train_LR_mild,0112,1637,0.22070930898189545,22.525533460292397,0.7512074112892151,0.005590448535518446
DIV2K_train_LR_mild,0113,2687,0.29240933060646057,18.478971664239946,0.559684157371521,0.014193935698368977
DIV2K_train_LR_mild,0114,1787,0.25397491455078125,16.86813891659653,0.6205382943153381,0.02056771793744228
DIV2K_train_LR_mild,0115,3587,0.1631031483411789,20.709785308463754,0.6827467083930969,0.008492224514837426
DIV2K_train_LR_mild,0116,1937,0.2960049510002136,17.24143988318056,0.6174011826515198,0.018873654949982673
DIV2K_train_LR_mild,0117,2237,0.23265136778354645,18.891048591675844,0.5000718832015991,0.012909075487719735
DIV2K_train_LR_mild,0118,1787,0.15511150658130646,23.14852406373188,0.7465152740478516,0.00484336939039329
DIV2K_train_LR_mild,0119,3137,0.1946970820426941,16.075113764913585,0.5742987990379333,0.024688154290061815
DIV2K_train_LR_mild,0120,3437,0.32688358426094055,21.22500283177001,0.746310293674469,0.00754222902983934
DIV2K_train_LR_mild,0121,3137,0.22488832473754883,19.098527753992677,0.7699580192565918,0.01230685894543135
DIV2K_train_LR_mild,0122,1487,1.1348140239715576,14.611982041435553,0.33323514461517334,0.03457815311881879
DIV2K_train_LR_mild,0123,212,0.20042206346988678,13.825427727716528,0.44198882579803467,0.041443576146052694
DIV2K_train_LR_mild,0124,678,0.10539709776639938,23.18832802457711,0.7035459876060486,0.0047991817149166185
DIV2K_train_LR_mild,0125,471,0.2711947560310364,17.994338421517554,0.5639183521270752,0.015869606464602438
DIV2K_train_LR_mild,0126,2237,0.18885786831378937,21.87970683983012,0.5912379622459412,0.006486782185941097
DIV2K_train_LR_mild,0127,602,0.28613466024398804,18.440219332006514,0.6598567366600037,0.014321155678999574
DIV2K_train_LR_mild,0128,320,0.25346139073371887,16.9250822176282,0.5930529236793518,0.020299800832490614
DIV2K_train_LR_mild,0129,2537,0.22088253498077393,18.83852339596793,0.32463493943214417,0.013066150597688031
DIV2K_train_LR_mild,0130,1337,0.2535633444786072,19.703704550592654,0.6739475131034851,0.01070605682591725
DIV2K_train_LR_mild,0131,3587,0.27672508358955383,20.894340750477998,0.5540616512298584,0.008138903965885106
DIV2K_train_LR_mild,0132,3287,0.21405524015426636,17.595109785139112,0.378023236989975,0.017397587171080094
DIV2K_train_LR_mild,0133,2237,0.2876776158809662,14.309953623891541,0.6256523132324219,0.03706846777114687
DIV2K_train_LR_mild,0134,678,0.2674660384654999,16.037971253621016,0.5101149082183838,0.024900202075809782
DIV2K_train_LR_mild,0135,2537,0.22982580959796906,20.922390218688115,0.5203307867050171,0.00808650718739867
DIV2K_train_LR_mild,0136,2387,0.15478883683681488,27.01946058622859,0.8026493191719055,0.0019863416147661087
DIV2K_train_LR_mild,0137,1787,0.21942001581192017,19.880004247686408,0.6732962727546692,0.010280152884449266
DIV2K_train_LR_mild,0138,3137,0.08686815947294235,15.69445734066483,0.7691540718078613,0.02694972053132503
DIV2K_train_LR_mild,0139,602,0.44355309009552,15.181264644106756,0.2412702590227127,0.030330078444630034
DIV2K_train_LR_mild,0140,2687,0.17209355533123016,15.697168287865935,0.2558633089065552,0.026932903195933108
DIV2K_train_LR_mild,0141,1937,0.12635537981987,20.35517714373686,0.5141627192497253,0.009214723018648797
DIV2K_train_LR_mild,0142,1487,0.25452545285224915,15.595236671673725,0.35720300674438477,0.02757251182541553
DIV2K_train_LR_mild,0143,1487,0.24432753026485443,18.392356590492355,0.4123351275920868,0.014479859209908718
DIV2K_train_LR_mild,0144,212,0.2421208769083023,9.78800563685822,0.19159471988677979,0.10500245015368682
DIV2K_train_LR_mild,0145,471,0.28422847390174866,15.944377514182623,0.41667285561561584,0.025442644374474414
DIV2K_train_LR_mild,0146,1937,0.3092314302921295,17.942205551366456,0.4991246163845062,0.016061253778463448
DIV2K_train_LR_mild,0147,1787,0.19706904888153076,13.787862222083549,0.3585120141506195,0.04180360895277782
DIV2K_train_LR_mild,0148,1198,0.2825995683670044,14.724048348632772,0.4690279960632324,0.033697304611784704
DIV2K_train_LR_mild,0149,2537,0.2285291701555252,15.877320774294787,0.4328249990940094,0.025838537062439385
DIV2K_train_LR_mild,0150,1337,0.09463299065828323,21.284312602504386,0.7292646765708923,0.0074399280902280596
DIV2K_train_LR_mild,0151,1937,0.1707126647233963,15.365205587387734,0.33594754338264465,0.029072303264842694
DIV2K_train_LR_mild,0152,3587,0.27097561955451965,21.44820133559383,0.6347987055778503,0.007164400649901944
DIV2K_train_LR_mild,0153,2837,0.2520758807659149,19.401288607813527,0.5855411887168884,0.011478129979142632
DIV2K_train_LR_mild,0154,3137,0.25538310408592224,19.758949558835894,0.6462252736091614,0.010570731468334012
DIV2K_train_LR_mild,0155,602,0.025535697117447853,15.38983323301601,0.5330286622047424,0.028907908686079363
DIV2K_train_LR_mild,0156,3287,0.2426619678735733,22.294456738473485,0.7246899604797363,0.005895957219849883
DIV2K_train_LR_mild,0157,3137,0.25948366522789,20.91557400662478,0.7946673035621643,0.008099208855532171
DIV2K_train_LR_mild,0158,678,0.22897784411907196,16.249677586734222,0.4222332537174225,0.023715497530679235
DIV2K_train_LR_mild,0159,3437,0.2364569455385208,15.61889136942646,0.5287373661994934,0.027422740953858937
DIV2K_train_LR_mild,0160,2387,0.24050624668598175,16.243927888494735,0.302799791097641,0.02374691564551165
DIV2K_train_LR_mild,0161,2237,0.24081678688526154,19.53238243687131,0.5104182362556458,0.011136834229287722
DIV2K_train_LR_mild,0162,320,0.2209700495004654,14.487995222427593,0.3154793977737427,0.035579552126014685
DIV2K_train_LR_mild,0163,2537,0.15773677825927734,20.293008344461082,0.6233968138694763,0.009347579424352563
DIV2K_train_LR_mild,0164,602,0.12974292039871216,20.424774610845308,0.7799668908119202,0.009068230177469029
DIV2K_train_LR_mild,0165,958,0.3090927302837372,15.65920173120729,0.656288206577301,0.027169386069275856
DIV2K_train_LR_mild,0166,3587,0.21930761635303497,17.15548989162866,0.4685496389865875,0.01925089870243001
DIV2K_train_LR_mild,0167,2537,0.3116743862628937,19.46628293386884,0.7439363598823547,0.011307632989172145
DIV2K_train_LR_mild,0168,1198,0.18495136499404907,21.031276776621514,0.7681513428688049,0.007886282322149116
DIV2K_train_LR_mild,0169,1072,0.23155076801776886,17.427173197062025,0.48057007789611816,0.01808350782945629
DIV2K_train_LR_mild,0170,471,0.3213285803794861,13.714014554453314,0.4272204339504242,0.042520517520246444
DIV2K_train_LR_mild,0171,2687,0.2510548532009125,18.63672096717159,0.5028261542320251,0.0136876188110066
DIV2K_train_LR_mild,0172,1937,0.20145319402217865,20.28667602619551,0.6364354491233826,0.009361218815439082
DIV2K_train_LR_mild,0173,2837,0.26764845848083496,17.90355137170415,0.46142396330833435,0.016204844271063643
DIV2K_train_LR_mild,0174,2537,0.13475018739700317,22.978468270207223,0.48934945464134216,0.005036782215670875
DIV2K_train_LR_mild,0175,855,0.2058267742395401,16.85072801677745,0.37626099586486816,0.020650339502042734
DIV2K_train_LR_mild,0176,678,0.20273631811141968,18.03461888184217,0.5479256510734558,0.01572309758064287
DIV2K_train_LR_mild,0177,3437,0.25024110078811646,19.33889750842246,0.8052323460578918,0.011644215894370655
DIV2K_train_LR_mild,0178,2687,0.23416809737682343,19.976599244260086,0.4957717955112457,0.010054027652115959
DIV2K_train_LR_mild,0179,2987,0.17398963868618011,24.164585672405682,0.6199188232421875,0.0038330230638303872
DIV2K_train_LR_mild,0180,2387,0.3097350597381592,18.945100082235264,0.6520866751670837,0.012749407173305386
DIV2K_train_LR_mild,0181,2537,0.1617622673511505,18.340776074779836,0.41302672028541565,0.014652859711337212
DIV2K_train_LR_mild,0182,762,0.2419264167547226,15.557364394755137,0.27593347430229187,0.027814006937094612
DIV2K_train_LR_mild,0183,2687,0.14558811485767365,23.733776567317687,0.5583531260490417,0.004232747307840253
DIV2K_train_LR_mild,0184,1072,0.29570135474205017,14.938710964311548,0.48769474029541016,0.032072211124198904
DIV2K_train_LR_mild,0185,415,0.1585816890001297,15.909837922603282,0.7529117465019226,0.025645797201798003
DIV2K_train_LR_mild,0186,958,0.176987886428833,15.438321815523178,0.5240245461463928,0.028586949586784097
DIV2K_train_LR_mild,0187,2387,0.24669092893600464,17.689288375210687,0.5288892388343811,0.017024374382288206
DIV2K_train_LR_mild,0188,678,0.35722026228904724,14.316277703514537,0.42720088362693787,0.03701452899143845
DIV2K_train_LR_mild,0189,533,0.22494648396968842,13.782200926984554,0.39850950241088867,0.04185813796880344
DIV2K_train_LR_mild,0190,415,0.22504852712154388,12.636259167258395,0.393030047416687,0.05449718648893109
DIV2K_train_LR_mild,0191,1198,0.2801920473575592,12.854911645015545,0.34198471903800964,0.05182136318863969
DIV2K_train_LR_mild,0192,471,0.2534778118133545,14.186124726777765,0.23226594924926758,0.038140600351799246
DIV2K_train_LR_mild,0193,2987,0.25667402148246765,21.741722214830148,0.747117280960083,0.006696190149137585
DIV2K_train_LR_mild,0194,2387,0.26624467968940735,19.2821913600673,0.809659481048584,0.011797252185364116
DIV2K_train_LR_mild,0195,471,0.2620808482170105,16.85760772798151,0.6022741198539734,0.02061765295076159
DIV2K_train_LR_mild,0196,602,0.23334850370883942,17.566772518337327,0.5699741840362549,0.017511475707586797
DIV2K_train_LR_mild,0197,1637,0.23541782796382904,18.955326289441814,0.5667994022369385,0.012719421822177918
DIV2K_train_LR_mild,0198,415,0.20034867525100708,17.27339168621582,0.5227277874946594,0.01873530764377675
DIV2K_train_LR_mild,0199,471,0.2357243448495865,16.966131519805067,0.49289917945861816,0.020108832060542273
DIV2K_train_LR_mild,0200,2237,0.24529801309108734,17.635664506920644,0.6229472756385803,0.017235883392535737
DIV2K_train_LR_mild,0201,3587,0.23117439448833466,17.754408848325212,0.38287484645843506,0.016771006011547993
DIV2K_train_LR_mild,0202,415,0.20890231430530548,16.552243053062384,0.3028464913368225,0.02211951962841943
DIV2K_train_LR_mild,0203,2987,0.11639190465211868,19.038430299385297,0.30504146218299866,0.01247834443922666
DIV2K_train_LR_mild,0204,958,0.2183326929807663,21.008251383762676,0.6128618121147156,0.007928204817638878
DIV2K_train_LR_mild,0205,1787,0.3120863437652588,19.2520781959455,0.3838540315628052,0.011879336340896806
DIV2K_train_LR_mild,0206,855,0.2716436982154846,15.216771619395512,0.4422037601470947,0.03008311726639545
DIV2K_train_LR_mild,0207,1637,0.19399094581604004,17.79673665840676,0.4791829586029053,0.016608344067090424
DIV2K_train_LR_mild,0208,1487,0.2733456790447235,16.898066216968715,0.4958842694759369,0.020426472582499425
DIV2K_train_LR_mild,0209,2087,0.18293191492557526,20.192746633354794,0.6588442921638489,0.0095658889533417
DIV2K_train_LR_mild,0210,3437,0.21801353991031647,17.113933215250594,0.4226158559322357,0.019435990508365943
DIV2K_train_LR_mild,0211,1487,0.13692297041416168,19.037672526993127,0.2563426196575165,0.012480521859884068
DIV2K_train_LR_mild,0212,2687,0.1961551457643509,13.701566988479268,0.28055742383003235,0.04264256292988484
DIV2K_train_LR_mild,0213,1487,0.18668018281459808,18.265899722351634,0.49004387855529785,0.014907678680709517
DIV2K_train_LR_mild,0214,471,0.26214155554771423,13.796553981919233,0.26739823818206787,0.04172002875215559
DIV2K_train_LR_mild,0215,958,0.23807711899280548,20.575249663526137,0.72281813621521,0.00875941354321389
DIV2K_train_LR_mild,0216,533,0.19998914003372192,16.8286788466177,0.30245256423950195,0.020755448116403532
DIV2K_train_LR_mild,0217,1337,0.18120773136615753,19.24535478228117,0.7978949546813965,0.01189774122202305
DIV2K_train_LR_mild,0218,855,0.25138071179389954,14.049411152430123,0.3642599880695343,0.03936034372381523
DIV2K_train_LR_mild,0219,602,0.2744775712490082,12.374323296518572,0.3625589907169342,0.05788521706716037
DIV2K_train_LR_mild,0220,533,0.20245535671710968,16.056211458141014,0.4284311532974243,0.024795841567265605
DIV2K_train_LR_mild,0221,678,0.22626161575317383,16.714489006454947,0.4072748124599457,0.021308412585602333
DIV2K_train_LR_mild,0222,2837,0.2037365585565567,19.551191353661977,0.5728146433830261,0.011088705878041422
DIV2K_train_LR_mild,0223,2237,0.2101275473833084,15.372372545445558,0.5275608897209167,0.029024366100536478
DIV2K_train_LR_mild,0224,1937,0.2668538987636566,22.059762422493463,0.6968340873718262,0.006223343281072272
DIV2K_train_LR_mild,0225,1487,0.2434036284685135,15.572700218549398,0.5554651618003845,0.027715963195562146
DIV2K_train_LR_mild,0226,3287,0.26665228605270386,19.305842930948728,0.49570322036743164,0.01173317927141161
DIV2K_train_LR_mild,0227,855,0.26553279161453247,21.04058596017775,0.7229717373847961,0.007869396029501959
DIV2K_train_LR_mild,0228,2387,0.2717067301273346,26.96771209599111,0.7180846333503723,0.002010151498720456
DIV2K_train_LR_mild,0229,2687,0.21862120926380157,21.251070605987334,0.6118600368499756,0.0074970936992736934
DIV2K_train_LR_mild,0230,762,0.20811115205287933,18.82822504240577,0.5483012199401855,0.013097170912738345
DIV2K_train_LR_mild,0231,958,0.21032126247882843,18.578276637909273,0.3614877164363861,0.013873062241368582
DIV2K_train_LR_mild,0232,1337,0.27762752771377563,17.22873391986245,0.5382987856864929,0.018928953632862355
DIV2K_train_LR_mild,0233,3137,0.20851099491119385,22.537811653428967,0.593677282333374,0.005574665771894845
DIV2K_train_LR_mild,0234,415,0.2055359035730362,19.281382893359535,0.5355069041252136,0.01179944848835222
DIV2K_train_LR_mild,0235,3587,0.19538253545761108,24.80184818535463,0.7091378569602966,0.0033099023515012313
DIV2K_train_LR_mild,0236,2987,0.2737552225589752,17.063089257569423,0.5703244805335999,0.019664869696903082
DIV2K_train_LR_mild,0237,1637,0.21764850616455078,15.02347687271994,0.49506840109825134,0.03145229280003448
DIV2K_train_LR_mild,0238,2387,0.2077813297510147,21.486143584783896,0.467985600233078,0.0071020813177352735
DIV2K_train_LR_mild,0239,958,0.26214373111724854,17.429320109758407,0.5128264427185059,0.018074570537879857
DIV2K_train_LR_mild,0240,533,0.20122753083705902,17.081929912475694,0.4187166690826416,0.019579743846498143
DIV2K_train_LR_mild,0241,1937,0.21222849190235138,26.589938552041694,0.7324452996253967,0.0021928359574361787
DIV2K_train_LR_mild,0242,1787,0.27639710903167725,20.121311846227698,0.6385563015937805,0.009724534352049582
DIV2K_train_LR_mild,0243,3137,0.2868841588497162,18.45068460654487,0.36223092675209045,0.014286687236972136
DIV2K_train_LR_mild,0244,1637,0.23337416350841522,17.034382547886896,0.5217387080192566,0.019795284347914277
DIV2K_train_LR_mild,0245,2987,0.287468284368515,17.309014671606125,0.3856329917907715,0.018582260006796223
DIV2K_train_LR_mild,0246,958,0.2550366222858429,12.338049196949555,0.4327585995197296,0.05837072383629416
DIV2K_train_LR_mild,0247,1787,0.25191745162010193,15.34332887267156,0.49041032791137695,0.029219118604072683
DIV2K_train_LR_mild,0248,320,0.2539520561695099,14.468519043087891,0.3495524823665619,0.03573946887287133
DIV2K_train_LR_mild,0249,320,0.1851319670677185,15.385931748739166,0.3700528144836426,0.02893388973818763
DIV2K_train_LR_mild,0250,2237,0.1680312305688858,23.189342410909177,0.7302966117858887,0.0047980609308009795
DIV2K_train_LR_mild,0251,3137,0.17910675704479218,26.526872770248872,0.8464066386222839,0.002224911406424646
DIV2K_train_LR_mild,0252,2837,0.14540480077266693,23.61740989690125,0.7836814522743225,0.004347694400615017
DIV2K_train_LR_mild,0253,1637,0.18061624467372894,24.11223800989548,0.839589536190033,0.003879503955130046
DIV2K_train_LR_mild,0254,2687,0.23935730755329132,15.053986843657562,0.4658329486846924,0.03123210920073239
DIV2K_train_LR_mild,0255,3587,0.25229138135910034,17.407666684152716,0.5758934020996094,0.01816491333213206
DIV2K_train_LR_mild,0256,678,0.2513869106769562,17.469756194817293,0.6146777272224426,0.017907063725091297
DIV2K_train_LR_mild,0257,1072,0.3048015534877777,15.157436457031341,0.4656713008880615,0.030496946135805742
DIV2K_train_LR_mild,0258,183,0.19439327716827393,17.583018851025184,0.5425894260406494,0.01744609020252275
DIV2K_train_LR_mild,0259,2537,0.3073793649673462,20.11696869595521,0.5567810535430908,0.009734264205568822
DIV2K_train_LR_mild,0260,2837,0.11649463325738907,18.06517271094404,0.5784932971000671,0.015612869436470667
DIV2K_train_LR_mild,0261,2237,0.16096945106983185,19.303115040366375,0.21311308443546295,0.01174055142853862
DIV2K_train_LR_mild,0262,958,0.2822394073009491,17.089310441178892,0.5093996524810791,0.019546497787917342
DIV2K_train_LR_mild,0263,1787,0.3673505485057831,20.315339791685215,0.8097062110900879,0.009299637489970956
DIV2K_train_LR_mild,0264,1198,0.25047361850738525,18.140754032713073,0.615628182888031,0.015343505604390961
DIV2K_train_LR_mild,0265,244,0.17730212211608887,13.5642064621869,0.45698392391204834,0.04401283601796744
DIV2K_train_LR_mild,0266,2387,0.1661645621061325,17.214186148018666,0.42208072543144226,0.018992467156221486
DIV2K_train_LR_mild,0267,1787,0.19391334056854248,17.19015782246263,0.7282681465148926,0.019097838450701454
DIV2K_train_LR_mild,0268,3437,0.23534975945949554,25.53458113691326,0.7628956437110901,0.0027960303810224533
DIV2K_train_LR_mild,0269,762,0.20209936797618866,16.676845858052076,0.5758864879608154,0.021493909283853856
DIV2K_train_LR_mild,0270,320,0.21455633640289307,16.947135224197034,0.3792990744113922,0.020196981883026634
DIV2K_train_LR_mild,0271,1787,0.2764824330806732,17.532659709551147,0.510461151599884,0.017649565919515314
DIV2K_train_LR_mild,0272,2387,0.16104285418987274,22.984704023427582,0.7559543251991272,0.005029555411031113
DIV2K_train_LR_mild,0273,958,0.16161376237869263,16.189183539515163,0.348407119512558,0.024048148370422604
DIV2K_train_LR_mild,0274,1637,0.21912020444869995,15.372470677203477,0.30145755410194397,0.029023710341227745
DIV2K_train_LR_mild,0275,1787,0.32711100578308105,17.356824053981093,0.6498447060585022,0.018378818729794272
DIV2K_train_LR_mild,0276,2537,0.2969251573085785,17.08953960483059,0.6032375693321228,0.019545466437016105
DIV2K_train_LR_mild,0277,1198,0.2733170986175537,16.327621308785865,0.5350756049156189,0.023293667292139858
DIV2K_train_LR_mild,0278,2537,0.3567241132259369,17.560805806914825,0.6947513222694397,0.017535551085694955
DIV2K_train_LR_mild,0279,762,0.22765696048736572,15.973731577585458,0.5789315104484558,0.02527125669972491
DIV2K_train_LR_mild,0280,365,0.26674553751945496,19.072896110287815,0.6284675002098083,0.012379707612561441
DIV2K_train_LR_mild,0281,533,0.23991703987121582,14.26196607896044,0.23754365742206573,0.03748032863806122
DIV2K_train_LR_mild,0282,533,0.2613631784915924,15.78330190910518,0.5486539006233215,0.026404005000045017
DIV2K_train_LR_mild,0283,2237,0.30496370792388916,21.296360763056907,0.5071780681610107,0.007419316899894881
DIV2K_train_LR_mild,0284,1787,0.20651723444461823,18.4422814974017,0.4628474712371826,0.014314357155169892
DIV2K_train_LR_mild,0285,958,0.26233819127082825,13.589841586202835,0.4083186686038971,0.043753806273803444
DIV2K_train_LR_mild,0286,2987,0.2887003719806671,19.06536471667629,0.5024932622909546,0.012401194753958822
DIV2K_train_LR_mild,0287,678,0.2248043417930603,17.597022803887665,0.5108610987663269,0.017389925225284375
DIV2K_train_LR_mild,0288,2537,0.18765175342559814,19.008262926761127,0.4438296854496002,0.012565324447336094
DIV2K_train_LR_mild,0289,602,0.2879277765750885,16.22336646849934,0.5736963152885437,0.023859610678057835
DIV2K_train_LR_mild,0290,365,0.21632759273052216,15.115953738892165,0.41962146759033203,0.030789640832492755
DIV2K_train_LR_mild,0291,3287,0.20505093038082123,16.689724911638354,0.18980520963668823,0.02143026333238301
DIV2K_train_LR_mild,0292,1072,0.21838921308517456,15.955062576781266,0.45957592129707336,0.025380124065306528
DIV2K_train_LR_mild,0293,678,0.2421490103006363,15.523842627812972,0.3944362699985504,0.028029524876304213
DIV2K_train_LR_mild,0294,1198,0.20886050164699554,20.847443691019755,0.7068272233009338,0.00822726773538392
DIV2K_train_LR_mild,0295,1198,0.1547723263502121,20.06389379209888,0.5588242411613464,0.009853956035119057
DIV2K_train_LR_mild,0296,855,0.2523808777332306,14.293638613054934,0.5587027668952942,0.03720798376627677
DIV2K_train_LR_mild,0297,3437,0.17070834338665009,17.830450445945893,0.28468456864356995,0.01647991451965922
DIV2K_train_LR_mild,0298,1072,0.17998112738132477,19.283782298833543,0.594909131526947,0.01179293132749841
DIV2K_train_LR_mild,0299,762,0.25509798526763916,18.760704784685494,0.5354423522949219,0.01330238525260962
DIV2K_train_LR_mild,0300,2537,0.2888875901699066,18.493765114786928,0.4246094226837158,0.014145668874253219
DIV2K_train_LR_mild,0301,415,0.1891259402036667,21.88480402132125,0.8791144490242004,0.0064791733174477855
DIV2K_train_LR_mild,0302,280,0.18095482885837555,14.808714028162974,0.3814486265182495,0.03304673779692699
DIV2K_train_LR_mild,0303,471,0.24184106290340424,14.045583427086473,0.2972126305103302,0.03939504997254028
DIV2K_train_LR_mild,0304,602,0.26818349957466125,17.35548360175763,0.47122064232826233,0.018384492212826998
DIV2K_train_LR_mild,0305,2387,0.25181999802589417,18.440295469770042,0.35686466097831726,0.014320904641396591
DIV2K_train_LR_mild,0306,958,0.26846012473106384,16.55243442616492,0.4463382065296173,0.022118545082735586
DIV2K_train_LR_mild,0307,1637,0.24942630529403687,25.69473214102286,0.7533981800079346,0.002694801525175827
DIV2K_train_LR_mild,0308,678,0.23246444761753082,14.736757026684643,0.327976256608963,0.033598840775528924
DIV2K_train_LR_mild,0309,533,0.2069023847579956,15.946449407036758,0.4629511535167694,0.025430509270552695
DIV2K_train_LR_mild,0310,320,0.1681346446275711,18.042167220218197,0.45040616393089294,0.015695793539603306
DIV2K_train_LR_mild,0311,958,0.2930367887020111,16.937835763499642,0.3613145351409912,0.020240275656940216
DIV2K_train_LR_mild,0312,471,0.24713511765003204,16.335208458496233,0.4875175952911377,0.023253008594556264
DIV2K_train_LR_mild,0313,958,0.292261004447937,15.2922793703336,0.322530597448349,0.029564603613159175
DIV2K_train_LR_mild,0314,2687,0.24067632853984833,19.998786383565395,0.685344398021698,0.010002794813743695
DIV2K_train_LR_mild,0315,678,0.12571243941783905,20.23965174568683,0.6725959777832031,0.009463130382561327
DIV2K_train_LR_mild,0316,1072,0.1978721171617508,16.35647391186446,0.42368555068969727,0.02313942735158374
DIV2K_train_LR_mild,0317,1637,0.23920603096485138,17.343659970641415,0.4810689389705658,0.01843461202989408
DIV2K_train_LR_mild,0318,533,0.19558031857013702,17.853554129394592,0.5146464705467224,0.0163924770698078
DIV2K_train_LR_mild,0319,2237,0.2267754077911377,20.380672665929737,0.7546809315681458,0.009160785867473908
DIV2K_train_LR_mild,0320,958,0.27900615334510803,13.329523733999576,0.2533358037471771,0.04645662165612152
DIV2K_train_LR_mild,0321,3437,0.1323341280221939,19.508946120954402,0.7232269644737244,0.011197095589699817
DIV2K_train_LR_mild,0322,1487,0.17749261856079102,22.788563161210867,0.5810670256614685,0.005261913244767647
DIV2K_train_LR_mild,0323,415,0.23468051850795746,12.570558722735036,0.3425043523311615,0.05532789194957365
DIV2K_train_LR_mild,0324,602,0.1210705041885376,15.28167546962746,0.21574950218200684,0.029636877941839314
DIV2K_train_LR_mild,0325,280,0.25151336193084717,13.538078637519765,0.36936625838279724,0.044278421924012955
DIV2K_train_LR_mild,0326,1637,0.1738613247871399,20.09008828298231,0.6564566493034363,0.009794700703698905
DIV2K_train_LR_mild,0327,2987,0.16723407804965973,20.405169882884685,0.6674623489379883,0.009109258187159701
DIV2K_train_LR_mild,0328,2387,0.2448495477437973,17.903097212915004,0.4133884906768799,0.016206538963425582
DIV2K_train_LR_mild,0329,1072,0.2733464539051056,17.476090312566924,0.6562736630439758,0.01788096562672116
DIV2K_train_LR_mild,0330,1337,0.12857362627983093,21.270384773300442,0.45408329367637634,0.007463826260675453
DIV2K_train_LR_mild,0331,1072,0.2499774545431137,12.24022564408666,0.4057493209838867,0.05970042650333218
DIV2K_train_LR_mild,0332,1487,0.18967010080814362,15.909402246118113,0.32871946692466736,0.02564837022859062
DIV2K_train_LR_mild,0333,1787,0.18961554765701294,14.04255860624096,0.24400579929351807,0.03942249773812116
DIV2K_train_LR_mild,0334,678,0.18983925879001617,17.894550244347922,0.3579515218734741,0.01623846497970864
DIV2K_train_LR_mild,0335,2537,0.17620563507080078,21.764357874142462,0.4858510494232178,0.0066613800553752935
DIV2K_train_LR_mild,0336,1637,0.17989122867584229,19.51746269121133,0.5473970770835876,0.011175159492788805
DIV2K_train_LR_mild,0337,415,0.21892209351062775,14.48407439644997,0.5747988224029541,0.035611687927075406
DIV2K_train_LR_mild,0338,855,0.12904921174049377,18.22205927137506,0.6913216710090637,0.015058928535008438
DIV2K_train_LR_mild,0339,1487,0.28106173872947693,16.713900947338605,0.3742821216583252,0.02131129810142556
DIV2K_train_LR_mild,0340,471,0.179007425904274,18.607164473510068,0.48433253169059753,0.013781089397373401
DIV2K_train_LR_mild,0341,2687,0.26201143860816956,15.829055638528128,0.5318289399147034,0.02612729417798753
DIV2K_train_LR_mild,0342,1198,0.27137842774391174,15.718190105806046,0.43111586570739746,0.02680285077117856
DIV2K_train_LR_mild,0343,2537,0.29090505838394165,20.47505428898817,0.5423035025596619,0.008963849803613066
DIV2K_train_LR_mild,0344,958,0.19778577983379364,20.813974629323013,0.6674630641937256,0.008290916405056737
DIV2K_train_LR_mild,0345,2987,0.17669308185577393,19.95531362527901,0.4033237397670746,0.010103425352669759
DIV2K_train_LR_mild,0346,1487,0.3038892447948456,18.107705839577008,0.5303748250007629,0.015460709348372032
DIV2K_train_LR_mild,0347,3287,0.2657170295715332,18.66906587718971,0.5899282097816467,0.013586056357520944
DIV2K_train_LR_mild,0348,1937,0.21249009668827057,17.187490405270758,0.5144619941711426,0.019109571849929646
DIV2K_train_LR_mild,0349,320,0.19489401578903198,11.870196553241081,0.21508429944515228,0.06501002645376856
DIV2K_train_LR_mild,0350,1072,0.26096391677856445,16.905612349067866,0.477231502532959,0.020391011199456133
DIV2K_train_LR_mild,0351,2687,0.27627408504486084,17.299014818486842,0.4250025749206543,0.018625095866906385
DIV2K_train_LR_mild,0352,320,0.2724740207195282,14.548077966927302,0.3049919903278351,0.03509071374963002
DIV2K_train_LR_mild,0353,2987,0.24264758825302124,12.172617055969123,0.3167354464530945,0.06063708170355662
DIV2K_train_LR_mild,0354,1337,0.25662723183631897,15.919011508583765,0.4565261900424957,0.02559168299766537
DIV2K_train_LR_mild,0355,2387,0.2028040736913681,20.124145395912798,0.630768358707428,0.009718191659100157
DIV2K_train_LR_mild,0356,415,0.21543066203594208,16.799112140204063,0.49954476952552795,0.0208972329990504
DIV2K_train_LR_mild,0357,365,0.24841022491455078,16.244659511850383,0.46705976128578186,0.02374291551591144
DIV2K_train_LR_mild,0358,678,0.24967341125011444,17.139880781348644,0.5245583057403564,0.019320213453181315
DIV2K_train_LR_mild,0359,1637,0.22450971603393555,22.087306308242596,0.7679329514503479,0.006183998407149687
DIV2K_train_LR_mild,0360,1787,0.12255121022462845,20.85064947752194,0.4596555531024933,0.008221196879825863
DIV2K_train_LR_mild,0361,2987,0.25788959860801697,16.66773729117918,0.40446433424949646,0.02153903634804953
DIV2K_train_LR_mild,0362,2537,0.3131130337715149,17.353327183574393,0.5208103060722351,0.01839362297177901
DIV2K_train_LR_mild,0363,1487,0.20980292558670044,17.74504104861634,0.27723565697669983,0.016807220320756724
DIV2K_train_LR_mild,0364,2237,0.2985318601131439,26.547081801602282,0.8777964115142822,0.0022145822760436824
DIV2K_train_LR_mild,0365,2237,0.25083503127098083,19.565310520509367,0.6120986342430115,0.011052714331750875
DIV2K_train_LR_mild,0366,212,0.21436411142349243,13.648253060103645,0.3841027319431305,0.043169268585799385
DIV2K_train_LR_mild,0367,855,0.252767413854599,18.751338271816383,0.6806115508079529,0.013331105725724393
DIV2K_train_LR_mild,0368,3437,0.21497081220149994,19.76068511502064,0.6991367340087891,0.010566508044030478
DIV2K_train_LR_mild,0369,2837,0.146033376455307,18.447606105410387,0.4572465419769287,0.014296818002101287
DIV2K_train_LR_mild,0370,602,0.16427940130233765,15.046853765016381,0.24004019796848297,0.03128344854501101
DIV2K_train_LR_mild,0371,3437,0.24980930984020233,20.184160885071392,0.686150074005127,0.009584818888952346
DIV2K_train_LR_mild,0372,280,0.14222560822963715,12.753846521484784,0.09739158302545547,0.05304144489090291
DIV2K_train_LR_mild,0373,602,0.18704940378665924,18.537537198957036,0.6966761946678162,0.01400381224940689
DIV2K_train_LR_mild,0374,602,0.24143527448177338,16.442280151740526,0.5032556653022766,0.022686734223805734
DIV2K_train_LR_mild,0375,602,0.2748669385910034,15.585226329237315,0.44459068775177,0.027636138745472116
DIV2K_train_LR_mild,0376,2987,0.2011536955833435,28.631637602349322,0.8387240767478943,0.001370364939243883
DIV2K_train_LR_mild,0377,602,0.18974001705646515,12.898039121428033,0.1645110696554184,0.051309299502123665
DIV2K_train_LR_mild,0378,2687,0.19067120552062988,19.512949597272335,0.4300074577331543,0.011186778525262942
DIV2K_train_LR_mild,0379,2237,0.30292221903800964,18.77872507135389,0.6306394934654236,0.013247303693717906
DIV2K_train_LR_mild,0380,365,0.18019241094589233,14.514866815273521,0.2118634134531021,0.03536008642357215
DIV2K_train_LR_mild,0381,2387,0.3175821900367737,18.73575097558077,0.6303822994232178,0.013379038435359607
DIV2K_train_LR_mild,0382,320,0.22299428284168243,14.685825191004326,0.22027824819087982,0.03399519048884039
DIV2K_train_LR_mild,0383,2987,0.1777455061674118,18.54093809509519,0.5196666717529297,0.013992850294070698
DIV2K_train_LR_mild,0384,1072,0.2257024645805359,16.0503282438007,0.45735499262809753,0.024829454228664057
DIV2K_train_LR_mild,0385,533,0.18400834500789642,16.673828921405207,0.5784869194030762,0.02150884578053084
DIV2K_train_LR_mild,0386,2387,0.23844687640666962,19.239189598947043,0.6309611797332764,0.011914643148274931
DIV2K_train_LR_mild,0387,3587,0.9752621054649353,19.009798849764074,0.5213070511817932,0.012560881377679549
DIV2K_train_LR_mild,0388,2387,0.18979765474796295,18.4780179303767,0.4290820062160492,0.014197053093665478
DIV2K_train_LR_mild,0389,2687,0.21893419325351715,16.116665279132267,0.6337099075317383,0.02445307449602926
DIV2K_train_LR_mild,0390,958,0.2368038147687912,16.386391600470013,0.4180699288845062,0.022980572173908136
DIV2K_train_LR_mild,0391,958,0.22998066246509552,15.902996870610838,0.5507312417030334,0.02568622662466462
DIV2K_train_LR_mild,0392,320,0.22954921424388885,12.959522928154552,0.2031218260526657,0.05058802263049482
DIV2K_train_LR_mild,0393,2087,0.29813507199287415,23.104110858254806,0.6553328633308411,0.004893154330324538
DIV2K_train_LR_mild,0394,2987,0.2478717714548111,14.697745007147805,0.5015643239021301,0.03390201391783266
DIV2K_train_LR_mild,0395,602,0.19790776073932648,17.32350470752033,0.3108772039413452,0.018520364416196037
DIV2K_train_LR_mild,0396,2837,0.259689062833786,21.083941576891437,0.6849696040153503,0.0077912267143498345
DIV2K_train_LR_mild,0397,2087,0.19566553831100464,20.55051456023245,0.49624133110046387,0.008809444866618851
DIV2K_train_LR_mild,0398,1637,0.23700405657291412,22.61390630300577,0.5182682871818542,0.0054778403228411265
DIV2K_train_LR_mild,0399,2537,0.26011019945144653,17.450506851388234,0.45960819721221924,0.017986609837634723
DIV2K_train_LR_mild,0400,365,0.1475352793931961,17.34833972807452,0.6983664631843567,0.018414758230179153
DIV2K_train_LR_mild,0401,1337,0.28179290890693665,16.142823842977595,0.6342870593070984,0.02430623068223208
DIV2K_train_LR_mild,0402,2987,0.22880296409130096,16.15681999256839,0.5307877063751221,0.024228024262550895
DIV2K_train_LR_mild,0403,1072,0.2480906844139099,13.267647201023333,0.43541526794433594,0.047123254631178314
DIV2K_train_LR_mild,0404,2837,0.1643386334180832,19.278868246748882,0.5141088366508484,0.011806282621012923
DIV2K_train_LR_mild,0405,762,0.23663395643234253,17.331276219913796,0.4891337454319,0.018487252672084363
DIV2K_train_LR_mild,0406,1937,0.23244048655033112,20.838446289797183,0.7334635853767395,0.008244330062444736
DIV2K_train_LR_mild,0407,471,0.23969101905822754,18.45440224135511,0.552164614200592,0.014274462866000062
DIV2K_train_LR_mild,0408,1487,0.15649624168872833,21.042454634083725,0.5935900807380676,0.007866010760093668
DIV2K_train_LR_mild,0409,855,0.22223635017871857,14.73979531050474,0.19537502527236938,0.03357534370899833
DIV2K_train_LR_mild,0410,2987,0.2374415248632431,21.14868194501611,0.5913315415382385,0.007675944128051157
DIV2K_train_LR_mild,0411,1072,0.24743974208831787,18.5016983437504,0.40375658869743347,0.0141198526216462
DIV2K_train_LR_mild,0412,533,0.24441450834274292,16.318014519072616,0.43506476283073425,0.023345250900093983
DIV2K_train_LR_mild,0413,1198,0.2883184850215912,17.748870847617248,0.4735356271266937,0.016792405582298466
DIV2K_train_LR_mild,0414,3587,0.26400598883628845,13.532472388717407,0.5192909836769104,0.04433561731919134
DIV2K_train_LR_mild,0415,1072,0.3117571473121643,15.053225527755586,0.4420444071292877,0.031237584563344474
DIV2K_train_LR_mild,0416,2087,0.1882890909910202,26.521011169361202,0.8200066685676575,0.0022279163620538595
DIV2K_train_LR_mild,0417,1337,0.21995045244693756,15.864493143136706,0.34359708428382874,0.025914968426282277
DIV2K_train_LR_mild,0418,244,0.256351500749588,15.741015171375413,0.4412032663822174,0.0266623534423859
DIV2K_train_LR_mild,0419,3287,0.2849588692188263,21.058141957018822,0.7595041394233704,0.00783764887668006
DIV2K_train_LR_mild,0420,3137,0.26888570189476013,17.663684424679623,0.44234856963157654,0.01712503851420899
DIV2K_train_LR_mild,0421,3437,0.28788575530052185,14.327990507521202,0.41947972774505615,0.03691483630730022
DIV2K_train_LR_mild,0422,855,0.23389530181884766,16.032309459193595,0.7290361523628235,0.024932685203016395
DIV2K_train_LR_mild,0423,1198,0.15348829329013824,15.748298951650394,0.3138182461261749,0.026617674119419395
DIV2K_train_LR_mild,0424,2687,0.24304960668087006,18.54993191686947,0.693415641784668,0.013963902486342963
DIV2K_train_LR_mild,0425,1637,0.09250562638044357,25.154261832048086,0.8286829590797424,0.003051924717764728
DIV2K_train_LR_mild,0426,855,0.2714703381061554,13.637359148014845,0.3238898813724518,0.04327769117958953
DIV2K_train_LR_mild,0427,2837,0.26237210631370544,17.50408209746773,0.4086323082447052,0.017766087191378288
DIV2K_train_LR_mild,0428,3287,0.20788390934467316,19.157905546866857,0.514032244682312,0.012139741643456908
DIV2K_train_LR_mild,0429,2387,0.21767573058605194,17.177768639492957,0.36533844470977783,0.019152397008367118
DIV2K_train_LR_mild,0430,320,0.22073082625865936,17.82359097353656,0.553772509098053,0.01650596429067472
DIV2K_train_LR_mild,0431,157,0.16984404623508453,21.946645420048455,0.6285650134086609,0.006387566790578647
DIV2K_train_LR_mild,0432,1198,0.2245759516954422,17.537453326590622,0.6947217583656311,0.017630095565912454
DIV2K_train_LR_mild,0433,762,0.2085772305727005,19.413420447214037,0.6735920906066895,0.011446111005364737
DIV2K_train_LR_mild,0434,471,0.1975242644548416,17.344666875364116,0.42211103439331055,0.01843033849389101
DIV2K_train_LR_mild,0435,2087,0.24666188657283783,17.645448081283373,0.726534366607666,0.017197099013995194
DIV2K_train_LR_mild,0436,2087,0.17837612330913544,23.13671045483629,0.634293258190155,0.004856562187635561
DIV2K_train_LR_mild,0437,3587,0.1280219703912735,20.2700395757127,0.7239204049110413,0.009397147464590463
DIV2K_train_LR_mild,0438,2387,0.243618905544281,16.629904632681466,0.38524964451789856,0.021727488850250574
DIV2K_train_LR_mild,0439,3437,0.24916326999664307,16.81161498831131,0.419625848531723,0.020837158734715346
DIV2K_train_LR_mild,0440,2537,0.2670503556728363,18.80034029693586,0.5335187911987305,0.013181534439500969
DIV2K_train_LR_mild,0441,365,0.22706855833530426,16.581495307473148,0.4801928997039795,0.0219710325209809
DIV2K_train_LR_mild,0442,3287,0.08140593022108078,19.92857202114641,0.6541941165924072,0.010165828875015074
DIV2K_train_LR_mild,0443,958,0.1948058009147644,13.686467709023995,0.15132169425487518,0.04279107807531896
DIV2K_train_LR_mild,0444,1337,0.21241027116775513,20.908115851734912,0.6400507092475891,0.008113129597394153
DIV2K_train_LR_mild,0445,855,0.2320944219827652,15.579761194135557,0.6310513019561768,0.027670937797830857
DIV2K_train_LR_mild,0446,2687,0.23501624166965485,16.172939827331653,0.28294673562049866,0.02413826307319932
DIV2K_train_LR_mild,0447,855,0.26097753643989563,15.059618090807048,0.4242856204509735,0.0311916385417411
DIV2K_train_LR_mild,0448,2687,0.23864905536174774,18.022250341505476,0.6173325181007385,0.01576794025811648
DIV2K_train_LR_mild,0449,2387,0.24174095690250397,21.575650391355936,0.7210714221000671,0.006957207567503232
DIV2K_train_LR_mild,0450,2987,0.16054469347000122,18.312352942920423,0.45114412903785706,0.014749072261234532
DIV2K_train_LR_mild,0451,762,0.24190975725650787,16.67674056786854,0.4396882951259613,0.021494430450646636
DIV2K_train_LR_mild,0452,3287,0.24727791547775269,17.641810971949816,0.7132768630981445,0.01721150718205821
DIV2K_train_LR_mild,0453,2837,0.14118824899196625,24.648392855188472,0.5676710605621338,0.003428946537392347
DIV2K_train_LR_mild,0454,2837,0.24779529869556427,17.410745528729468,0.5861597657203674,0.018152040246299753
DIV2K_train_LR_mild,0455,762,0.2054419070482254,17.605609587181387,0.5691826939582825,0.0173555763776519
DIV2K_train_LR_mild,0456,958,0.26439282298088074,16.407710751285332,0.592293918132782,0.022868038992273954
DIV2K_train_LR_mild,0457,2087,0.32983148097991943,15.644619333366908,0.5040400624275208,0.027260766663948915
DIV2K_train_LR_mild,0458,1487,0.2320132851600647,20.85405311894767,0.6449211239814758,0.008214756345852153
DIV2K_train_LR_mild,0459,320,0.23169563710689545,17.58488515747611,0.5623934864997864,0.01743859466112761
DIV2K_train_LR_mild,0460,2087,0.19725878536701202,15.43828486613222,0.345081090927124,0.028587192906351363
DIV2K_train_LR_mild,0461,958,0.25531497597694397,17.87396809373079,0.5834446549415588,0.016315605259422078
DIV2K_train_LR_mild,0462,1072,0.2184511423110962,15.610724896220301,0.43990710377693176,0.027474355116895385
DIV2K_train_LR_mild,0463,365,0.25219401717185974,10.731721829156577,0.16354472935199738,0.08449437823386925
DIV2K_train_LR_mild,0464,2237,0.2677038609981537,17.935020103008085,0.5192201137542725,0.01608784927834378
DIV2K_train_LR_mild,0465,533,0.209045872092247,15.632765616277153,0.47906461358070374,0.0273352743081186
DIV2K_train_LR_mild,0466,471,0.25008872151374817,16.998704465370366,0.41976824402809143,0.01995857603289511
DIV2K_train_LR_mild,0467,2387,0.23556526005268097,16.846218984743,0.6155339479446411,0.020671790712694732
DIV2K_train_LR_mild,0468,2087,0.3203181326389313,16.425857384457252,0.5311031937599182,0.022772686152654657
DIV2K_train_LR_mild,0469,762,0.19971269369125366,17.623098053756483,0.5807955861091614,0.017285828273682826
DIV2K_train_LR_mild,0470,1637,0.18248401582241058,18.9301631711885,0.34865784645080566,0.012793332322538766
DIV2K_train_LR_mild,0471,3137,0.27104905247688293,14.981073800525932,0.4392998218536377,0.031760886703318475
DIV2K_train_LR_mild,0472,2237,0.1345047503709793,18.05567356931277,0.49241599440574646,0.015647056160887744
DIV2K_train_LR_mild,0473,1487,0.14045202732086182,20.778858473104048,0.5244712829589844,0.00835822679693846
DIV2K_train_LR_mild,0474,415,0.24691085517406464,14.541622353617123,0.45931270718574524,0.035142913432647874
DIV2K_train_LR_mild,0475,678,0.2402317076921463,15.259179548426385,0.46139368414878845,0.02979079163255188
DIV2K_train_LR_mild,0476,3587,0.1998736411333084,16.083178622811094,0.47020718455314636,0.02464235088405168
DIV2K_train_LR_mild,0477,2087,0.29122093319892883,19.205335545977558,0.6634712815284729,0.012007882916098674
DIV2K_train_LR_mild,0478,3437,0.1857939213514328,19.11910245702389,0.5044304132461548,0.012248693127658776
DIV2K_train_LR_mild,0479,2837,0.16497746109962463,19.044350032870167,0.549996554851532,0.012461347191406796
DIV2K_train_LR_mild,0480,2537,0.19671659171581268,22.64356896743864,0.7701126933097839,0.0054405537165429195
DIV2K_train_LR_mild,0481,3287,0.2537958025932312,20.12257914058702,0.6222408413887024,0.009721697104340952
DIV2K_train_LR_mild,0482,958,0.22281502187252045,16.201276900306915,0.3509705066680908,0.023981277058528157
DIV2K_train_LR_mild,0483,2387,0.2019849568605423,20.361582930706504,0.6699314713478088,0.009201141431777637
DIV2K_train_LR_mild,0484,3137,0.24908922612667084,20.618688446995385,0.6745665073394775,0.008672237344666569
DIV2K_train_LR_mild,0485,602,0.20074312388896942,17.734177658270706,0.3416881859302521,0.016849314344302792
DIV2K_train_LR_mild,0486,2687,0.23462285101413727,19.35196607613955,0.6559110283851624,0.011609229375769746
DIV2K_train_LR_mild,0487,678,0.2584158480167389,15.734416337750787,0.2930710017681122,0.026702895987699884
DIV2K_train_LR_mild,0488,3437,0.20623332262039185,22.902437931615257,0.7872588038444519,0.00512573567457878
DIV2K_train_LR_mild,0489,602,0.28665128350257874,14.634405010959746,0.4568697512149811,0.03440008352665546
DIV2K_train_LR_mild,0490,183,0.15391333401203156,14.767834052196632,0.4764988422393799,0.0333592740866689
DIV2K_train_LR_mild,0491,855,0.2143336534500122,14.687978690275633,0.29217293858528137,0.033978337872804326
DIV2K_train_LR_mild,0492,2837,0.2258596569299698,15.656150890717262,0.2897074520587921,0.027188478797871608
DIV2K_train_LR_mild,0493,602,0.2967449724674225,15.532942365485034,0.5125399231910706,0.02797085609897622
DIV2K_train_LR_mild,0494,1787,0.22404199838638306,20.706007003262776,0.7486343383789062,0.008499615871099313
DIV2K_train_LR_mild,0495,678,0.15509115159511566,17.267226068778864,0.6108446717262268,0.01876192478994635
DIV2K_train_LR_mild,0496,602,0.20888425409793854,20.02511394086618,0.5421801209449768,0.009942339832146645
DIV2K_train_LR_mild,0497,3437,0.29848894476890564,20.398737048775462,0.5610033869743347,0.009122760948684559
DIV2K_train_LR_mild,0498,3287,0.2344096451997757,16.746322634039913,0.6868353486061096,0.021152793809877633
DIV2K_train_LR_mild,0499,1198,0.17958955466747284,16.412932695671888,0.44635501503944397,0.022840559000993053
DIV2K_train_LR_mild,0500,2687,0.029293498024344444,17.918504377008592,0.4825473725795746,0.016149145982824832
DIV2K_train_LR_mild,0501,3137,0.20248055458068848,15.730013886293131,0.43939605355262756,0.02672997859401124
DIV2K_train_LR_mild,0502,20,0.15279538929462433,16.400447511337028,0.3062286078929901,0.022906316020160664
DIV2K_train_LR_mild,0503,958,0.20776277780532837,17.978010095018305,0.49020758271217346,0.015929384286980576
DIV2K_train_LR_mild,0504,2987,0.2099907547235489,19.619475206016848,0.5545641779899597,0.01091572232080778
DIV2K_train_LR_mild,0505,958,0.2180449515581131,13.44560170249755,0.21725690364837646,0.045231378870421036
DIV2K_train_LR_mild,0506,2987,0.29995614290237427,16.71472172678643,0.4328185021877289,0.021307270800207872
DIV2K_train_LR_mild,0507,2837,0.13365210592746735,25.993162821753607,0.8734688758850098,0.0025158440543194397
DIV2K_train_LR_mild,0508,533,0.290768563747406,14.766579885405374,0.41526901721954346,0.03336890918412412
DIV2K_train_LR_mild,0509,365,0.2986225485801697,14.198441406263086,0.43609824776649475,0.03803258605645695
DIV2K_train_LR_mild,0510,280,0.22428728640079498,13.889100482523578,0.3471893072128296,0.04084039656279306
DIV2K_train_LR_mild,0511,2087,0.2791436016559601,16.096680438902066,0.5158206820487976,0.024565859015935505
DIV2K_train_LR_mild,0512,3287,0.22186052799224854,13.717444917443673,0.405712753534317,0.04248694514255024
DIV2K_train_LR_mild,0513,1337,0.012253549881279469,27.31445211712902,0.7946675419807434,0.001855900919030817
DIV2K_train_LR_mild,0514,2537,0.26714572310447693,17.239808076861145,0.44530239701271057,0.01888074782336291
DIV2K_train_LR_mild,0515,415,0.18841201066970825,16.105280255562434,0.171134814620018,0.024517262222051056
DIV2K_train_LR_mild,0516,855,0.15972661972045898,15.205137929138315,0.2915801703929901,0.030163810503915155
DIV2K_train_LR_mild,0517,2687,0.22636498510837555,16.662665714014363,0.5971446633338928,0.02156420378666656
DIV2K_train_LR_mild,0518,762,0.6929003596305847,18.197481346771816,0.5156976580619812,0.015144392716265886
DIV2K_train_LR_mild,0519,1487,0.16033637523651123,23.344704395689636,0.6380577683448792,0.004629451729647259
DIV2K_train_LR_mild,0520,1198,0.34046271443367004,16.447019040587215,0.5630583167076111,0.022661992653695635
DIV2K_train_LR_mild,0521,1072,0.20653295516967773,16.041531538754956,0.5790690779685974,0.024879797650269892
DIV2K_train_LR_mild,0522,602,0.20331722497940063,20.00756381941949,0.6768030524253845,0.009982598810553097
DIV2K_train_LR_mild,0523,1072,0.24609416723251343,15.669459384073615,0.14832401275634766,0.027105290123203365
DIV2K_train_LR_mild,0524,2537,0.2532287538051605,22.640230770341002,0.769350528717041,0.005444737202776446
DIV2K_train_LR_mild,0525,855,0.2561015784740448,22.412528835310226,0.7023491859436035,0.0057378225822407
DIV2K_train_LR_mild,0526,1937,0.19114302098751068,17.637551756154643,0.30432412028312683,0.017228395115926082
DIV2K_train_LR_mild,0527,2237,0.2721814513206482,17.803131835018903,0.5645912289619446,0.016583905556628968
DIV2K_train_LR_mild,0528,1198,0.22014452517032623,16.2626267091833,0.4639294147491455,0.023644891645995366
DIV2K_train_LR_mild,0529,415,0.17586112022399902,13.626050550162837,0.14601516723632812,0.043390528785436644
DIV2K_train_LR_mild,0530,2237,0.22720277309417725,19.260370263282287,0.7323028445243835,0.011856676578630092
DIV2K_train_LR_mild,0531,3137,0.20303218066692352,18.281818832009638,0.48127564787864685,0.01485313459276963
DIV2K_train_LR_mild,0532,855,0.3091171383857727,20.50314639350153,0.6832258105278015,0.008906054726110118
DIV2K_train_LR_mild,0533,2237,0.17460812628269196,18.1267741381183,0.7019814848899841,0.015392975743394795
DIV2K_train_LR_mild,0534,3437,0.2576943635940552,19.11795739153932,0.5772855281829834,0.012251923054365055
DIV2K_train_LR_mild,0535,1637,0.2574535608291626,18.33976732221991,0.5333950519561768,0.01465626356630353
DIV2K_train_LR_mild,0536,1637,0.20003606379032135,17.282109186295052,0.46492040157318115,0.01869773843216836
DIV2K_train_LR_mild,0537,2087,0.30066320300102234,17.876030349198054,0.4373190701007843,0.01630785960776471
DIV2K_train_LR_mild,0538,415,0.174890398979187,17.154221123416132,0.711373507976532,0.019256523590936277
DIV2K_train_LR_mild,0539,533,0.237214133143425,18.31571722121067,0.5964449048042297,0.01473765130908517
DIV2K_train_LR_mild,0540,1637,0.23618654906749725,14.473992177612265,0.36514997482299805,0.035694457025453756
DIV2K_train_LR_mild,0541,1937,0.2695869505405426,18.302817644736038,0.4927849769592285,0.01478149071024592
DIV2K_train_LR_mild,0542,1072,0.23021739721298218,15.535084172106444,0.1834087371826172,0.027957065357865
DIV2K_train_LR_mild,0543,533,0.3350891172885895,14.743635121513602,0.5748121738433838,0.033545671280926004
DIV2K_train_LR_mild,0544,2087,0.15486492216587067,26.3900875000645,0.7691734433174133,0.002296102385198188
DIV2K_train_LR_mild,0545,2087,0.03421115502715111,16.495221755909057,0.2284725457429886,0.022411856008052393
DIV2K_train_LR_mild,0546,2837,0.24922895431518555,16.57285186266116,0.5305068492889404,0.022014803410084462
DIV2K_train_LR_mild,0547,602,0.31192198395729065,16.219195508086926,0.43388664722442627,0.02388253636885828
DIV2K_train_LR_mild,0548,1337,0.34209898114204407,16.599088458312586,0.6280685067176819,0.021882208599208367
DIV2K_train_LR_mild,0549,602,0.19020523130893707,16.249950456894283,0.23506440222263336,0.023714007493757606
DIV2K_train_LR_mild,0550,1487,0.19893451035022736,19.78053146809483,0.5692096948623657,0.010518331444487838
DIV2K_train_LR_mild,0551,2537,0.15414641797542572,19.64767523493417,0.6535289287567139,0.01084507288756331
DIV2K_train_LR_mild,0552,1072,0.10808452218770981,22.31618885242003,0.8112772107124329,0.00586652754993597
DIV2K_train_LR_mild,0553,415,0.20412707328796387,15.812842827570286,0.37606915831565857,0.026225013176763543
DIV2K_train_LR_mild,0554,2987,0.2569355070590973,18.713182854047034,0.45611318945884705,0.013448743593460858
DIV2K_train_LR_mild,0555,958,0.22699791193008423,15.645448240664017,0.35098469257354736,0.02725556399383668
DIV2K_train_LR_mild,0556,1072,0.22762644290924072,21.056802476652287,0.5794426202774048,0.007840066560311878
DIV2K_train_LR_mild,0557,3287,0.27268555760383606,20.0184020576082,0.600793182849884,0.009957717333079114
DIV2K_train_LR_mild,0558,3587,0.21041522920131683,16.63561843786572,0.5346344709396362,0.02169892176928668
DIV2K_train_LR_mild,0559,2987,0.1997457891702652,15.819477541664572,0.3548354208469391,0.026184979936824865
DIV2K_train_LR_mild,0560,2237,0.2935279607772827,24.837767135746475,0.7489556670188904,0.003282640215119028
DIV2K_train_LR_mild,0561,533,0.2567056715488434,14.921538960003408,0.4047142565250397,0.03219927559238056
DIV2K_train_LR_mild,0562,2987,0.14178256690502167,16.183939031207025,0.5365429520606995,0.024077206318046124
DIV2K_train_LR_mild,0563,855,0.27066442370414734,14.261321672797179,0.4206875264644623,0.03748589033635311
DIV2K_train_LR_mild,0564,1487,0.2719874680042267,15.729179586543303,0.6127821207046509,0.026735113815310612
DIV2K_train_LR_mild,0565,27,0.15004055202007294,17.664763914627347,0.30822327733039856,0.017120782415023815
DIV2K_train_LR_mild,0566,678,0.2293020337820053,13.88048849383254,0.3073507249355316,0.04092146264934831
DIV2K_train_LR_mild,0567,1787,0.25929775834083557,20.362957100500232,0.5739187598228455,0.009198230522664419
DIV2K_train_LR_mild,0568,1198,0.238473042845726,16.875265472229398,0.5310856103897095,0.020533994971098587
DIV2K_train_LR_mild,0569,415,0.1344655305147171,15.881185617459668,0.5028513073921204,0.025815553213651723
DIV2K_train_LR_mild,0570,1637,0.1982850879430771,21.080645479667304,0.6948783993721008,0.007797142144300705
DIV2K_train_LR_mild,0571,855,0.23507815599441528,12.200800080124964,0.33428701758384705,0.060244858627787445
DIV2K_train_LR_mild,0572,762,0.20848070085048676,16.835483402067904,0.34087809920310974,0.020722953777422042
DIV2K_train_LR_mild,0573,471,0.19591860473155975,17.058139554704155,0.5554363131523132,0.019687294606494696
DIV2K_train_LR_mild,0574,762,0.18672232329845428,15.991027030134555,0.44247719645500183,0.025170816060762734
DIV2K_train_LR_mild,0575,1637,0.17987366020679474,20.472602203852617,0.4214511215686798,0.008968912324269988
DIV2K_train_LR_mild,0576,3587,0.2665633261203766,19.293082003922574,0.5678460001945496,0.011767705725999417
DIV2K_train_LR_mild,0577,1487,0.1777198314666748,19.42103195304653,0.4295271635055542,0.011426067961447139
DIV2K_train_LR_mild,0578,3287,0.23924104869365692,16.68332377790025,0.7234547734260559,0.02146187304096857
DIV2K_train_LR_mild,0579,855,0.2555825114250183,15.025152729640702,0.21799997985363007,0.03144015842399415
DIV2K_train_LR_mild,0580,1198,0.19686508178710938,16.629144433875062,0.5506055951118469,0.021731292425534728
DIV2K_train_LR_mild,0581,3137,0.17338822782039642,20.87475754657308,0.6921046376228333,0.008175686785944037
DIV2K_train_LR_mild,0582,471,0.2221021056175232,12.71196485586203,0.20876578986644745,0.05355543014988713
DIV2K_train_LR_mild,0583,602,0.23086632788181305,18.855480302436224,0.41322222352027893,0.013015233568667914
DIV2K_train_LR_mild,0584,762,0.247564896941185,16.20617133039911,0.3637343943119049,0.023954265733384786
DIV2K_train_LR_mild,0585,280,0.21545051038265228,13.13399540470872,0.2661694288253784,0.04859599255153304
DIV2K_train_LR_mild,0586,1637,0.271108478307724,16.283777971353235,0.5262144207954407,0.023530014883556633
DIV2K_train_LR_mild,0587,533,0.16574160754680634,22.610100897102605,0.6748175621032715,0.005482642230001147
DIV2K_train_LR_mild,0588,958,0.17889206111431122,12.225659069934151,0.09376732259988785,0.059901002611520614
DIV2K_train_LR_mild,0589,1198,0.28651097416877747,16.273685131210833,0.40606439113616943,0.023584761337954282
DIV2K_train_LR_mild,0590,762,0.2611997723579407,19.162038619343583,0.6678749918937683,0.012128194010582776
DIV2K_train_LR_mild,0591,1337,0.1648738980293274,18.516093352260917,0.31868776679039,0.014073128832633506
DIV2K_train_LR_mild,0592,1072,0.24896661937236786,16.20398972302058,0.33075186610221863,0.023966301977440478
DIV2K_train_LR_mild,0593,3587,0.25107088685035706,16.869329305533718,0.5514143109321594,0.020562081143546625
DIV2K_train_LR_mild,0594,1072,0.20975638926029205,18.77720818303143,0.3740750849246979,0.013251931456246643
DIV2K_train_LR_mild,0595,1198,0.20748235285282135,19.212083964061904,0.5545424222946167,0.011989238596739872
DIV2K_train_LR_mild,0596,762,0.23179996013641357,16.928504652750355,0.4363420009613037,0.020283809991074788
DIV2K_train_LR_mild,0597,1787,0.2845466732978821,17.446239981941602,0.6291913986206055,0.018004290085165457
DIV2K_train_LR_mild,0598,678,0.20167005062103271,18.793027329451515,0.6817923188209534,0.01320374917857305
DIV2K_train_LR_mild,0599,2987,0.17235733568668365,20.99224806969577,0.7483749985694885,0.007957473339734596
DIV2K_train_LR_mild,0600,2387,0.23397886753082275,16.133196424607704,0.5826490521430969,0.02436017222607826
DIV2K_train_LR_mild,0601,2237,0.22649461030960083,16.904226312366912,0.48444095253944397,0.020397520024390586
DIV2K_train_LR_mild,0602,2387,0.2340260148048401,15.594313983187654,0.49427613615989685,0.027578370409990016
DIV2K_train_LR_mild,0603,415,0.2771713435649872,14.819103469909361,0.4028729498386383,0.032967775948491325
DIV2K_train_LR_mild,0604,280,0.17967009544372559,12.456522640936896,0.07428897172212601,0.05679992128068822
DIV2K_train_LR_mild,0605,2687,0.25875863432884216,16.042844190694815,0.5459272265434265,0.024872278912421112
DIV2K_train_LR_mild,0606,602,0.16945552825927734,15.630325122699226,0.24782085418701172,0.027350639619713037
DIV2K_train_LR_mild,0607,365,0.27537065744400024,13.689231312325978,0.29376450181007385,0.0427638568330799
DIV2K_train_LR_mild,0608,1072,0.27193936705589294,17.17377420980194,0.501884937286377,0.019170020492982533
DIV2K_train_LR_mild,0609,1487,0.2176668792963028,18.970641394783794,0.5120648741722107,0.012674646615391144
DIV2K_train_LR_mild,0610,471,0.2692931890487671,14.164031441531959,0.662464439868927,0.03833512231367084
DIV2K_train_LR_mild,0611,1337,0.2418067902326584,15.941021976472094,0.5063333511352539,0.02546231000733171
DIV2K_train_LR_mild,0612,678,0.23120403289794922,16.983620605659798,0.38628140091896057,0.02002801637600874
DIV2K_train_LR_mild,0613,958,0.19939571619033813,19.71969170111204,0.4201292097568512,0.01066671836671973
DIV2K_train_LR_mild,0614,3287,0.24699974060058594,17.696816381735395,0.6167863011360168,0.016994890104075535
DIV2K_train_LR_mild,0615,1337,0.27975326776504517,15.767063036874543,0.5481694936752319,0.026502918136591266
DIV2K_train_LR_mild,0616,2687,0.1687547117471695,23.98549822104269,0.6090285778045654,0.003994387341531923
DIV2K_train_LR_mild,0617,762,0.24798010289669037,15.098175786826385,0.35447749495506287,0.03091593745899146
DIV2K_train_LR_mild,0618,958,0.1647992730140686,21.61046679390995,0.7431521415710449,0.006901656161181187
DIV2K_train_LR_mild,0619,533,0.2566494643688202,12.715579706412022,0.43744468688964844,0.05351087189397489
DIV2K_train_LR_mild,0620,1487,0.31809791922569275,16.66244847192575,0.5416364073753357,0.02156528247711759
DIV2K_train_LR_mild,0621,533,0.2693443298339844,14.669120884557397,0.3441915810108185,0.0341261983195096
DIV2K_train_LR_mild,0622,2087,0.13720421493053436,21.67961964457728,0.7428764700889587,0.006792631196235285
DIV2K_train_LR_mild,0623,471,0.21358294785022736,13.981556636643763,0.3071712553501129,0.03998014220654529
DIV2K_train_LR_mild,0624,2387,0.19382895529270172,20.12529996564637,0.5492860674858093,0.009715608423463137
DIV2K_train_LR_mild,0625,602,0.250483900308609,12.522880055849125,0.2703738808631897,0.0559386514100908
DIV2K_train_LR_mild,0626,2687,0.15583817660808563,22.37945999333316,0.6469871401786804,0.005781679319601389
DIV2K_train_LR_mild,0627,1637,0.3638876676559448,16.67370957736274,0.5374503135681152,0.021509436944713474
DIV2K_train_LR_mild,0628,1198,0.17746978998184204,15.543138058173005,0.23499377071857452,0.02790526766282328
DIV2K_train_LR_mild,0629,320,0.10986462235450745,17.774051555433797,0.6270525455474854,0.01669532362499951
DIV2K_train_LR_mild,0630,320,0.20080994069576263,20.151394800601267,0.4117891490459442,0.009657406643260476
DIV2K_train_LR_mild,0631,3137,0.2319234013557434,21.412694626410303,0.7581508755683899,0.007223214921260746
DIV2K_train_LR_mild,0632,3137,0.10588721185922623,26.007390027534022,0.5276213884353638,0.0025076157979798844
DIV2K_train_LR_mild,0633,320,0.25413191318511963,16.69120339761706,0.6838767528533936,0.021422968897556603
DIV2K_train_LR_mild,0634,415,0.2432624101638794,13.469344605745377,0.3393663465976715,0.04498477349047457
DIV2K_train_LR_mild,0635,678,0.25606200098991394,16.011076368667855,0.523539125919342,0.025054881964357404
DIV2K_train_LR_mild,0636,415,0.28691789507865906,15.975067664148476,0.4272766411304474,0.025263483395023757
DIV2K_train_LR_mild,0637,3437,0.18142424523830414,31.512349652988508,0.8607244491577148,0.0007059355202311545
DIV2K_train_LR_mild,0638,1337,0.2622152268886566,11.9445069903655,0.3753682076931,0.06390712771011911
DIV2K_train_LR_mild,0639,602,0.23329748213291168,14.189848099208334,0.1787697672843933,0.038107915023589366
DIV2K_train_LR_mild,0640,762,0.2137802392244339,17.552831088535015,0.44660547375679016,0.01756778019823127
DIV2K_train_LR_mild,0641,1487,0.21354524791240692,16.875497002596322,0.44471943378448486,0.020532900325007607
DIV2K_train_LR_mild,0642,1937,0.13590224087238312,20.503470215332037,0.5333490967750549,0.008905390712969159
DIV2K_train_LR_mild,0643,2837,0.2602144479751587,15.366561402424622,0.4476156234741211,0.029063228723115217
DIV2K_train_LR_mild,0644,1937,0.16609324514865875,20.9942280627579,0.6163565516471863,0.007953846281750627
DIV2K_train_LR_mild,0645,762,0.22280597686767578,14.330964722657349,0.4655790627002716,0.03688956425266019
DIV2K_train_LR_mild,0646,1337,0.2783932387828827,18.13856666483626,0.7261960506439209,0.015351235387468024
DIV2K_train_LR_mild,0647,320,0.20946650207042694,16.560547952685923,0.45297732949256897,0.0220772615351111
DIV2K_train_LR_mild,0648,2687,0.1791987419128418,18.85299442335083,0.48941564559936523,0.01302268562440378
DIV2K_train_LR_mild,0649,3587,0.23123615980148315,14.983547663621819,0.34439924359321594,0.03174280003829504
DIV2K_train_LR_mild,0650,1787,0.17846469581127167,20.236217855431043,0.6878581047058105,0.00947061568825121
DIV2K_train_LR_mild,0651,2687,0.11122018098831177,22.8132462693444,0.5832404494285583,0.005232092011172346
DIV2K_train_LR_mild,0652,1937,0.21137964725494385,16.870388893790754,0.45797911286354065,0.020557065050783144
DIV2K_train_LR_mild,0653,958,0.17510515451431274,15.47066645367451,0.20990623533725739,0.028374835577428075
DIV2K_train_LR_mild,0654,1787,0.23049388825893402,20.407831869264076,0.6699509620666504,0.009103676412579165
DIV2K_train_LR_mild,0655,855,0.18332017958164215,17.332800120126738,0.45979440212249756,0.018480766773362883
DIV2K_train_LR_mild,0656,602,0.265995591878891,15.878941718703025,0.43661579489707947,0.025828894967553598
DIV2K_train_LR_mild,0657,365,0.26504576206207275,13.229155849832644,0.33107423782348633,0.04754276246748983
DIV2K_train_LR_mild,0658,1637,0.24947988986968994,17.46040793634969,0.5762598514556885,0.01794565048503138
DIV2K_train_LR_mild,0659,3437,0.2167850136756897,18.227821285681614,0.2636852562427521,0.015038962289723878
DIV2K_train_LR_mild,0660,2837,0.2563337981700897,18.8404873564629,0.6303550004959106,0.013060243198346953
DIV2K_train_LR_mild,0661,2987,0.2292436957359314,24.222201371946717,0.6292893290519714,0.0037825080622966283
DIV2K_train_LR_mild,0662,2837,0.1068713590502739,22.861781360488514,0.6847090721130371,0.005173945660778381
DIV2K_train_LR_mild,0663,678,0.220566526055336,18.4968126426863,0.5782141089439392,0.014135746053301024
DIV2K_train_LR_mild,0664,1637,0.09459928423166275,21.120024777883316,0.5537505745887756,0.007726761763664916
DIV2K_train_LR_mild,0665,3287,0.24440354108810425,24.27365478528376,0.5809610486030579,0.0037379588866695602
DIV2K_train_LR_mild,0666,3437,0.12302101403474808,25.214247794185937,0.8399579524993896,0.0030100604596390254
DIV2K_train_LR_mild,0667,2837,0.2536845803260803,13.97611438600299,0.38518813252449036,0.04003027369846806
DIV2K_train_LR_mild,0668,2537,0.25001800060272217,13.687405536089937,0.37042418122291565,0.042781838531667185
DIV2K_train_LR_mild,0669,3437,0.23604445159435272,16.686362343891265,0.5025246143341064,0.021446862360972572
DIV2K_train_LR_mild,0670,762,0.20272235572338104,19.531837227297416,0.6853237152099609,0.01113823239727881
DIV2K_train_LR_mild,0671,1337,0.20269306004047394,15.861575593008139,0.24976499378681183,0.025932383768299934
DIV2K_train_LR_mild,0672,415,0.3149186074733734,16.83410645689876,0.5451841950416565,0.020729525100313572
DIV2K_train_LR_mild,0673,958,0.3026404082775116,18.638479935060747,0.5726600289344788,0.013682076206073484
DIV2K_train_LR_mild,0674,212,0.2197197675704956,15.600379059332978,0.4986943304538727,0.02753988309500988
DIV2K_train_LR_mild,0675,2837,0.17714588344097137,20.494404864126633,0.6339194178581238,0.00892399900804939
DIV2K_train_LR_mild,0676,2987,0.2342211753129959,16.50306123429988,0.47382113337516785,0.022371436712402434
DIV2K_train_LR_mild,0677,1198,0.14149703085422516,23.10695538685873,0.7777025103569031,0.004889950480909767
DIV2K_train_LR_mild,0678,2237,0.24269749224185944,20.60225662885129,0.45255541801452637,0.008705111468554277
DIV2K_train_LR_mild,0679,2687,0.19806309044361115,17.235474611046115,0.5885692238807678,0.018899596751388394
DIV2K_train_LR_mild,0680,1198,0.271268755197525,17.08817199940108,0.5485167503356934,0.019551622300896892
DIV2K_train_LR_mild,0681,2837,0.23151935636997223,17.660378692998407,0.35424748063087463,0.017138078542210573
DIV2K_train_LR_mild,0682,1072,0.2675113379955292,17.3106334052444,0.39628124237060547,0.018575335169899964
DIV2K_train_LR_mild,0683,2687,0.21546263992786407,18.860798330706817,0.5218751430511475,0.012999305966565173
DIV2K_train_LR_mild,0684,1787,0.21929264068603516,17.948578609718034,0.4116874039173126,0.016037701967211784
DIV2K_train_LR_mild,0685,1337,0.1967431753873825,20.35946204995359,0.6102707982063293,0.009205635905886255
DIV2K_train_LR_mild,0686,1337,0.2676869034767151,16.14447966971492,0.3171253204345703,0.024296965195831723
DIV2K_train_LR_mild,0687,3287,0.211572527885437,19.086559426288833,0.5740599036216736,0.012340821108976571
DIV2K_train_LR_mild,0688,1198,0.19657085835933685,22.370786527338815,0.7209007143974304,0.005793237676410634
DIV2K_train_LR_mild,0689,2987,0.11752934008836746,22.201387519895505,0.7387691140174866,0.006023671053983707
DIV2K_train_LR_mild,0690,855,0.1821216493844986,18.70684762278261,0.5812337398529053,0.013468376153472291
DIV2K_train_LR_mild,0691,958,0.29547783732414246,14.197361328845277,0.5493593811988831,0.038042045988101854
DIV2K_train_LR_mild,0692,855,0.22172938287258148,18.95505896142644,0.64947110414505,0.012720204779651675
DIV2K_train_LR_mild,0693,3287,0.15710802376270294,20.149288767040268,0.5868299007415771,0.00966209099485466
DIV2K_train_LR_mild,0694,678,0.21536177396774292,17.136894388946907,0.341036319732666,0.019333503446964752
DIV2K_train_LR_mild,0695,1198,0.2528742551803589,18.495025376868863,0.656846821308136,0.014141564549209121
DIV2K_train_LR_mild,0696,1198,0.20504127442836761,19.27234695029026,0.6839983463287354,0.011824024061415883
DIV2K_train_LR_mild,0697,855,0.27230677008628845,17.74521279499009,0.5069188475608826,0.016806555711271282
DIV2K_train_LR_mild,0698,244,0.18959565460681915,17.781330411507334,0.7298759818077087,0.016667365380474745
DIV2K_train_LR_mild,0699,3137,0.21684479713439941,20.29163039061174,0.619666337966919,0.009350545778195966
DIV2K_train_LR_mild,0700,1937,0.2896168828010559,13.34608945037607,0.2985090911388397,0.046279755276423744
DIV2K_train_LR_mild,0701,415,0.26826438307762146,12.669167617951665,0.2803656756877899,0.054085797224079114
DIV2K_train_LR_mild,0702,2987,0.20408456027507782,20.805620030100826,0.6436731219291687,0.008306881137142244
DIV2K_train_LR_mild,0703,3287,0.25687918066978455,16.073418484531146,0.4846445620059967,0.024697793244672434
DIV2K_train_LR_mild,0704,3437,0.1694023162126541,24.701425706885786,0.7739918828010559,0.003387329376969961
DIV2K_train_LR_mild,0705,678,0.1695132851600647,15.568700358162618,0.49206945300102234,0.027741501422803207
DIV2K_train_LR_mild,0706,2087,0.2612189054489136,15.06195067223315,0.3546029329299927,0.031174890029260216
DIV2K_train_LR_mild,0707,2537,0.21690694987773895,16.321523284647203,0.6785273551940918,0.02332639742360626
DIV2K_train_LR_mild,0708,183,0.16851474344730377,17.856019085636454,0.5734830498695374,0.01638317570968095
DIV2K_train_LR_mild,0709,2087,0.18411409854888916,17.84162910658193,0.5348803997039795,0.016437550045088317
DIV2K_train_LR_mild,0710,1787,0.35343900322914124,18.23582572373893,0.4355407953262329,0.01501126967151397
DIV2K_train_LR_mild,0711,678,0.33173874020576477,14.130305653740177,0.35025906562805176,0.03863397843295713
DIV2K_train_LR_mild,0712,1787,0.03285526856780052,15.103633247480373,0.3273189067840576,0.030877112085171677
DIV2K_train_LR_mild,0713,471,0.14274564385414124,18.695238070903287,0.6379492282867432,0.013504427918936919
DIV2K_train_LR_mild,0714,1072,0.2193155735731125,19.341909168375103,0.5587499737739563,0.011636143834471806
DIV2K_train_LR_mild,0715,3437,0.21521998941898346,19.178823341861257,0.5066236853599548,0.012081411179176282
DIV2K_train_LR_mild,0716,1787,0.2159106284379959,20.258526012537807,0.6673079133033752,0.009422093261948504
DIV2K_train_LR_mild,0717,2087,0.2652619779109955,22.321925526840424,0.6310868263244629,0.005858783446953561
DIV2K_train_LR_mild,0718,365,0.14060631394386292,17.388332597984387,0.6950954794883728,0.018245960751451008
DIV2K_train_LR_mild,0719,2237,0.2771003544330597,16.700459504882758,0.42883026599884033,0.02137735887773358
DIV2K_train_LR_mild,0720,1937,0.2321784496307373,16.54687453185773,0.5856452584266663,0.022146879626024903
DIV2K_train_LR_mild,0721,958,0.22679895162582397,18.38028870236704,0.4686363637447357,0.014520150861487982
DIV2K_train_LR_mild,0722,762,0.13002386689186096,22.81639400185513,0.7076342701911926,0.005228301195613366
DIV2K_train_LR_mild,0723,2237,0.2341884970664978,16.6828379213784,0.4193243980407715,0.021464274115990233
DIV2K_train_LR_mild,0724,3437,0.22183597087860107,20.010697190460363,0.6127220988273621,0.009975399114035787
DIV2K_train_LR_mild,0725,365,0.18632996082305908,16.337059774104134,0.41002845764160156,0.023243098427173793
DIV2K_train_LR_mild,0726,2087,0.172430619597435,26.133738215164538,0.6887218356132507,0.002435713358630577
DIV2K_train_LR_mild,0727,3587,0.23939277231693268,21.908465051493753,0.8207653164863586,0.0064439697748576
DIV2K_train_LR_mild,0728,2387,0.22544801235198975,17.797463884032116,0.6065656542778015,0.01660556325539771
DIV2K_train_LR_mild,0729,3287,0.2373725026845932,19.909592531864078,0.3613864481449127,0.010210352726181546
DIV2K_train_LR_mild,0730,471,0.242317333817482,15.490073631356013,0.3502812683582306,0.028248320706170577
DIV2K_train_LR_mild,0731,533,0.20165757834911346,17.501797215034745,0.5384493470191956,0.01777543658511042
DIV2K_train_LR_mild,0732,1787,0.2675786316394806,17.824310432733938,0.39722132682800293,0.016503230111085895
DIV2K_train_LR_mild,0733,3287,0.2284109741449356,18.295134411363108,0.6950357556343079,0.014807664238868565
DIV2K_train_LR_mild,0734,2087,0.2525123655796051,19.96962320782536,0.6399205923080444,0.010070190301657818
DIV2K_train_LR_mild,0735,3437,0.20715993642807007,23.075646324011252,0.6919910311698914,0.004925330379705111
DIV2K_train_LR_mild,0736,3437,0.2172289490699768,27.18774319776983,0.6929733753204346,0.0019108459629508217
DIV2K_train_LR_mild,0737,533,0.25087472796440125,16.069259754548128,0.6060864329338074,0.024721454765944242
DIV2K_train_LR_mild,0738,3587,0.24004973471164703,19.708382627647882,0.6955153346061707,0.010694530831795356
DIV2K_train_LR_mild,0739,3587,0.2372586578130722,19.788421467817106,0.4640693962574005,0.010499239742260918
DIV2K_train_LR_mild,0740,1937,0.20400168001651764,19.929119862835176,0.46861037611961365,0.010164546647843322
DIV2K_train_LR_mild,0741,1198,0.22187693417072296,19.99074400413115,0.6542043089866638,0.010021335417922318
DIV2K_train_LR_mild,0742,471,0.18097852170467377,14.380730406810617,0.4821314811706543,0.036469260610510854
DIV2K_train_LR_mild,0743,3437,0.1699291467666626,20.06165294333973,0.378680944442749,0.009859041721208982
DIV2K_train_LR_mild,0744,365,0.21006129682064056,23.015100761556077,0.6431869268417358,0.004994475914572856
DIV2K_train_LR_mild,0745,855,0.21945972740650177,18.045740627168612,0.420463889837265,0.015682884242729036
DIV2K_train_LR_mild,0746,212,0.1927182674407959,14.06668652553154,0.49108389019966125,0.03920408693400979
DIV2K_train_LR_mild,0747,2387,0.1491069346666336,20.516357812264012,0.6354701519012451,0.008879003318751631
DIV2K_train_LR_mild,0748,3287,0.2504313290119171,16.712836843138625,0.3579433858394623,0.021316520394371662
DIV2K_train_LR_mild,0749,471,0.16787870228290558,15.528818912151195,0.49319779872894287,0.02799742603154262
DIV2K_train_LR_mild,0750,1072,0.20444755256175995,21.139643887226576,0.6853313446044922,0.00769193509837566
DIV2K_train_LR_mild,0751,2237,0.18224264681339264,20.58790698648469,0.5849625468254089,0.008733921808772771
DIV2K_train_LR_mild,0752,762,0.21356481313705444,13.549409135174402,0.4029484987258911,0.0441630527063092
DIV2K_train_LR_mild,0753,2387,0.21808777749538422,19.033498000596566,0.4940677583217621,0.012492524179218313
DIV2K_train_LR_mild,0754,533,0.21061265468597412,17.227292140704872,0.529988169670105,0.018935238737946433
DIV2K_train_LR_mild,0755,958,0.2102120965719223,19.816376144325286,0.5388992428779602,0.010431875230856855
DIV2K_train_LR_mild,0756,958,0.2245343178510666,17.607071633951406,0.499849796295166,0.01734973458280279
DIV2K_train_LR_mild,0757,1937,0.18376173079013824,16.358936222326193,0.38038861751556396,0.023126311722201424
DIV2K_train_LR_mild,0758,1072,0.24228592216968536,15.758820904651664,0.3257012665271759,0.02655326368798238
DIV2K_train_LR_mild,0759,1637,0.2509065270423889,19.586595588536145,0.49337276816368103,0.01099867680365959
DIV2K_train_LR_mild,0760,2237,0.2246573120355606,17.835052338752796,0.4617626667022705,0.016462461241715173
DIV2K_train_LR_mild,0761,678,0.20979124307632446,17.81130731083461,0.432885080575943,0.016552716168427132
DIV2K_train_LR_mild,0762,365,0.29375454783439636,9.822163482005827,0.382717490196228,0.10417983134723853
DIV2K_train_LR_mild,0763,2237,0.23585152626037598,22.871967410143633,0.7902638912200928,0.005161824761379693
DIV2K_train_LR_mild,0764,762,0.28173893690109253,21.6609202295798,0.86688232421875,0.006821941281725207
DIV2K_train_LR_mild,0765,415,0.16996635496616364,16.372436159517825,0.4735795259475708,0.023054535805122227
DIV2K_train_LR_mild,0766,1637,0.2136736661195755,13.12470775696331,0.18672914803028107,0.048700029282842935
DIV2K_train_LR_mild,0767,244,0.17396096885204315,20.651415499847893,0.7018470168113708,0.008607131734345314
DIV2K_train_LR_mild,0768,1787,0.14530058205127716,27.45600304770572,0.8381808400154114,0.00179638613285193
DIV2K_train_LR_mild,0769,533,0.18811576068401337,13.735568488470536,0.19023628532886505,0.04231001206178947
DIV2K_train_LR_mild,0770,1937,0.24136890470981598,15.071819809978237,0.3456777334213257,0.03110412712296839
DIV2K_train_LR_mild,0771,3137,0.23988445103168488,22.852754908038637,0.6026284694671631,0.0051847104600730234
DIV2K_train_LR_mild,0772,1487,0.18144990503787994,16.259850715460693,0.32171431183815,0.023660010230007224
DIV2K_train_LR_mild,0773,762,0.26493358612060547,14.314975630330231,0.3759298324584961,0.03702562806362709
DIV2K_train_LR_mild,0774,2537,0.22015728056430817,18.773011629909945,0.5465206503868103,0.013264742862399983
DIV2K_train_LR_mild,0775,958,0.19391505420207977,15.33223247010916,0.41454818844795227,0.02929387014670904
DIV2K_train_LR_mild,0776,2837,0.19274646043777466,16.369284238046284,0.3466140031814575,0.02307127389359748
DIV2K_train_LR_mild,0777,2387,0.1345185786485672,21.16897961652389,0.6832094192504883,0.0076401526761721164
DIV2K_train_LR_mild,0778,958,0.21627718210220337,14.432141268803928,0.3477666676044464,0.03604009042758678
DIV2K_train_LR_mild,0779,3587,0.3249017298221588,18.840831986571228,0.7010359168052673,0.013059206856527047
DIV2K_train_LR_mild,0780,2687,0.17434443533420563,19.977944404869753,0.5686610341072083,0.010050914022509837
DIV2K_train_LR_mild,0781,1937,0.15349970757961273,19.693298672212723,0.6569976806640625,0.010731739731635728
DIV2K_train_LR_mild,0782,855,0.18894630670547485,18.391877496240163,0.5575783252716064,0.014481456635900707
DIV2K_train_LR_mild,0783,2237,0.205300971865654,19.783775768061748,0.599025547504425,0.010510476917577453
DIV2K_train_LR_mild,0784,3587,0.22928448021411896,21.19166089400465,0.6483995318412781,0.007600355558280088
DIV2K_train_LR_mild,0785,1787,0.18473410606384277,19.223996009458254,0.4919876754283905,0.011956398950929615
DIV2K_train_LR_mild,0786,1637,0.18717776238918304,17.18733752784511,0.4400636851787567,0.01911024459715672
DIV2K_train_LR_mild,0787,280,0.17776991426944733,18.38707712722931,0.2582356035709381,0.01449747220949062
DIV2K_train_LR_mild,0788,183,0.1585647612810135,20.161544127031597,0.4743809700012207,0.00963486395233141
DIV2K_train_LR_mild,0789,1787,0.22563552856445312,21.532786224802404,0.49480724334716797,0.007026214052607444
DIV2K_train_LR_mild,0790,415,0.2775438129901886,15.40924500545714,0.504680871963501,0.028778986507557024
DIV2K_train_LR_mild,0791,2387,0.2349442094564438,17.961355858609554,0.6368928551673889,0.01599058723786783
DIV2K_train_LR_mild,0792,1072,0.22270150482654572,13.382188624738014,0.49761414527893066,0.045896665490991015
DIV2K_train_LR_mild,0793,2237,0.2495366483926773,18.07112823156981,0.6147881150245667,0.015591474010434384
DIV2K_train_LR_mild,0794,762,0.21517936885356903,17.90222472233036,0.5067794919013977,0.01620979510865843
DIV2K_train_LR_mild,0795,1337,0.2607613205909729,18.658314040504067,0.6200430393218994,0.013619733041766946
DIV2K_train_LR_mild,0796,1787,0.12631206214427948,21.743670658241307,0.6080062985420227,0.006693186613141342
DIV2K_train_LR_mild,0797,602,0.15531207621097565,14.647579235832504,0.20223307609558105,0.03429588976833273
DIV2K_train_LR_mild,0798,1637,0.19716580212116241,17.278604934433815,0.48045817017555237,0.018712831454294535
DIV2K_train_LR_mild,0799,2537,0.1682276874780655,21.705906493946326,0.8048518300056458,0.006751641093352464
DIV2K_train_LR_mild,0800,280,0.24651707708835602,15.534161516157983,0.40589186549186707,0.027963005290265866
